,region_type,year,week,weighted_ili,unweighted_ili,age_0_4,age_25_49,age_5_24,age_50_64,age_65,ilitotal,num_providers,total_patients,date
640,National,2010,1,1.90712,1.98284,4998,3333.0,3961,1244.0,763,14299,1996,721138,2010-01-04
641,National,2010,2,1.86738,1.82749,4877,2793.0,4614,1182.0,622,14088,2016,770895,2010-01-11
642,National,2010,3,1.88072,1.92606,5399,2693.0,5079,1008.0,578,14757,2053,766177,2010-01-18
643,National,2010,4,1.96908,1.92495,5333,2560.0,5655,1046.0,528,15122,2026,785580,2010-01-25
644,National,2010,5,2.11387,2.08877,5816,2581.0,6142,948.0,550,16037,1996,767773,2010-02-01
645,National,2010,6,2.09695,2.03434,5496,2644.0,5577,1006.0,658,15381,1977,756068,2010-02-08
646,National,2010,7,1.90294,1.97649,5388,2649.0,5536,994.0,498,15065,1954,762208,2010-02-15
647,National,2010,8,1.96951,1.99362,5040,2943.0,6207,1218.0,679,16087,1990,806925,2010-02-22
648,National,2010,9,1.92331,1.85383,4281,2763.0,5685,1085.0,672,14486,1953,781411,2010-03-01
649,National,2010,10,1.89659,1.8673,4612,2660.0,5270,1112.0,700,14354,1946,768702,2010-03-08
650,National,2010,11,1.75181,1.69987,4063,2468.0,4466,976.0,628,12601,1933,741293,2010-03-15
651,National,2010,12,1.52632,1.49741,3625,2097.0,4108,827.0,534,11191,1917,747358,2010-03-22
652,National,2010,13,1.49572,1.45112,3408,1954.0,3733,736.0,528,10359,1875,713863,2010-03-29
653,National,2010,14,1.22313,1.20715,3090,1718.0,2933,644.0,428,8813,1850,730068,2010-04-05
654,National,2010,15,1.17754,1.17415,3117,1572.0,3110,598.0,404,8801,1831,749563,2010-04-12
655,National,2010,16,1.09112,1.16207,2921,1461.0,3044,522.0,414,8362,1765,719580,2010-04-19
656,National,2010,17,1.11958,1.17213,3081,1435.0,2972,557.0,395,8440,1755,720054,2010-04-26
657,National,2010,18,1.08169,1.12168,2781,1385.0,2901,482.0,365,7914,1710,705551,2010-05-03
658,National,2010,19,1.12497,1.14981,2851,1363.0,2645,491.0,347,7697,1664,669414,2010-05-10
659,National,2010,20,1.06197,1.13328,2816,1364.0,2553,498.0,372,7603,1624,670887,2010-05-17
660,National,2010,21,1.08909,1.08171,2636,1235.0,2188,445.0,349,6853,1497,633532,2010-05-24
661,National,2010,22,1.1776,1.19959,2413,1212.0,2172,463.0,335,6595,1421,549773,2010-05-31
662,National,2010,23,0.97493,0.952808,2147,1081.0,1831,374.0,322,5755,1435,604004,2010-06-07
663,National,2010,24,0.987132,0.916032,1975,978.0,1784,339.0,240,5316,1405,580329,2010-06-14
664,National,2010,25,0.995991,0.926582,2027,882.0,1779,397.0,249,5334,1384,575664,2010-06-21
665,National,2010,26,0.904726,0.86962,1754,862.0,1541,323.0,238,4718,1347,542536,2010-06-28
666,National,2010,27,0.941927,0.903133,1753,816.0,1566,334.0,222,4691,1353,519414,2010-07-05
667,National,2010,28,0.880415,0.773776,1458,819.0,1450,298.0,209,4234,1284,547187,2010-07-12
668,National,2010,29,0.842615,0.742774,1323,759.0,1335,335.0,198,3950,1265,531790,2010-07-19
669,National,2010,30,0.858382,0.730934,1290,805.0,1279,302.0,174,3850,1250,526723,2010-07-26
670,National,2010,31,0.83383,0.786882,1381,839.0,1357,291.0,209,4077,1241,518121,2010-08-02
671,National,2010,32,0.847437,0.763051,1378,809.0,1307,300.0,214,4008,1212,525260,2010-08-09
672,National,2010,33,0.888273,0.841043,1485,883.0,1592,360.0,198,4518,1225,537190,2010-08-16
673,National,2010,34,0.765372,0.791573,1520,811.0,1592,295.0,202,4420,1235,558382,2010-08-23
674,National,2010,35,0.91858,0.912732,1564,1019.0,1866,354.0,204,5007,1170,548573,2010-08-30
675,National,2010,36,1.01432,1.03398,1850,1076.0,1959,374.0,234,5493,1198,531250,2010-09-06
676,National,2010,37,1.01233,0.934009,1720,1061.0,2118,358.0,253,5510,1210,589930,2010-09-13
677,National,2010,38,1.11803,1.08189,2134,1291.0,2510,480.0,326,6741,1206,623077,2010-09-20
678,National,2010,39,1.11806,1.06563,1995,1269.0,2383,446.0,294,6387,1254,599366,2010-09-27
679,National,2010,40,1.10939,1.13505,2627,1677.0,3142,627.0,400,8473,1838,746485,2010-10-04
680,National,2010,41,1.24341,1.25256,2953,1779.0,3522,649.0,444,9347,1875,746230,2010-10-11
681,National,2010,42,1.25726,1.2457,3044,1898.0,3641,690.0,411,9684,1907,777397,2010-10-18
682,National,2010,43,1.25734,1.26774,3226,1754.0,3822,682.0,420,9904,1929,781234,2010-10-25
683,National,2010,44,1.43414,1.43723,3451,1981.0,4397,736.0,455,11020,1947,766753,2010-11-01
684,National,2010,45,1.51838,1.53341,3927,1956.0,4679,734.0,511,11807,1940,769982,2010-11-08
685,National,2010,46,1.61617,1.69445,4416,2327.0,5322,774.0,497,13336,1921,787038,2010-11-15
686,National,2010,47,1.84378,1.9915,4598,2043.0,4145,743.0,550,12079,1938,606527,2010-11-22
687,National,2010,48,1.72535,1.81305,5045,2440.0,4978,915.0,619,13997,1964,772016,2010-11-29
688,National,2010,49,1.87923,2.01426,5060,2511.0,5867,893.0,627,14958,1936,742606,2010-12-06
689,National,2010,50,2.3371,2.55659,6300,2847.0,7194,1031.0,650,18022,1916,704923,2010-12-13
690,National,2010,51,3.03533,3.38185,7295,3433.0,7071,1262.0,838,19899,1840,588406,2010-12-20
691,National,2010,52,3.136,3.43172,7478,4455.0,5764,1581.0,1068,20346,1887,592880,2010-12-27
692,National,2011,1,2.53336,2.69151,6584,4455.0,6342,1586.0,1059,20026,1923,744043,2011-01-03
693,National,2011,2,2.91288,2.91063,6238,4220.0,7773,1537.0,953,20721,1921,711908,2011-01-10
694,National,2011,3,3.44497,3.49232,7247,5095.0,11243,1734.0,938,26257,1964,751850,2011-01-17
695,National,2011,4,4.16185,4.0037,8007,5952.0,15291,1794.0,931,31975,1947,798637,2011-01-24
696,National,2011,5,4.55159,4.43534,8195,6536.0,16366,1990.0,1197,34284,1970,772974,2011-01-31
697,National,2011,6,4.46504,4.24215,8036,6812.0,16516,1996.0,1096,34456,1961,812230,2011-02-07
698,National,2011,7,4.55124,4.39719,8172,7257.0,17493,2352.0,1293,36567,1910,831600,2011-02-14
699,National,2011,8,4.0822,3.90256,7839,6425.0,13718,2028.0,1267,31277,1908,801449,2011-02-21
700,National,2011,9,3.38812,3.15073,6376,4869.0,10496,1740.0,1146,24627,1860,781629,2011-02-28
701,National,2011,10,2.99142,2.72422,5691,3939.0,8427,1421.0,899,20377,1829,747993,2011-03-07
702,National,2011,11,2.61542,2.33336,5363,3265.0,6702,1175.0,804,17309,1823,741807,2011-03-14
703,National,2011,12,2.09065,1.925,4400,2551.0,5489,978.0,613,14031,1790,728883,2011-03-21
704,National,2011,13,1.86146,1.75243,4189,2244.0,5025,877.0,622,12957,1770,739375,2011-03-28
705,National,2011,14,1.61377,1.57704,3701,1985.0,4557,747.0,508,11498,1723,729089,2011-04-04
706,National,2011,15,1.42199,1.35766,3164,1574.0,3562,641.0,450,9391,1681,691707,2011-04-11
707,National,2011,16,1.3382,1.31223,3139,1505.0,3064,559.0,428,8695,1651,662612,2011-04-18
708,National,2011,17,1.19995,1.14937,2895,1324.0,2673,555.0,383,7830,1612,681240,2011-04-25
709,National,2011,18,1.14889,1.11451,2532,1305.0,2553,524.0,393,7307,1585,655627,2011-05-02
710,National,2011,19,1.12194,1.10984,2551,1254.0,2595,485.0,351,7236,1556,651983,2011-05-09
711,National,2011,20,1.06712,1.0524,2353,1131.0,2280,461.0,305,6530,1516,620485,2011-05-16
712,National,2011,21,1.05058,1.03536,2213,1045.0,2110,405.0,299,6072,1381,586460,2011-05-23
713,National,2011,22,1.15203,1.11777,2249,1013.0,1980,397.0,307,5946,1357,531954,2011-05-30
714,National,2011,23,0.970975,0.982949,2040,1037.0,1760,432.0,278,5547,1296,564322,2011-06-06
715,National,2011,24,0.894683,0.925194,1812,911.0,1599,405.0,262,4989,1279,539238,2011-06-13
716,National,2011,25,0.843568,0.835531,1604,870.0,1422,308.0,244,4448,1251,532356,2011-06-20
717,National,2011,26,0.815409,0.832393,1472,750.0,1462,324.0,210,4218,1225,506732,2011-06-27
718,National,2011,27,0.823052,0.855591,1423,823.0,1269,270.0,224,4009,1211,468565,2011-07-04
719,National,2011,28,0.674635,0.706949,1255,756.0,1206,316.0,188,3721,1220,526346,2011-07-11
720,National,2011,29,0.631883,0.694387,1243,733.0,1184,259.0,178,3597,1203,518011,2011-07-18
721,National,2011,30,0.641513,0.687976,1251,667.0,1188,263.0,169,3538,1179,514262,2011-07-25
722,National,2011,31,0.529813,0.644743,1088,635.0,1125,203.0,151,3202,1175,496632,2011-08-01
723,National,2011,32,0.644089,0.67533,1207,704.0,1223,231.0,158,3523,1175,521671,2011-08-08
724,National,2011,33,0.667718,0.72823,1342,767.0,1358,241.0,166,3874,1191,531975,2011-08-15
725,National,2011,34,0.705668,0.806526,1505,814.0,1600,305.0,220,4444,1195,551005,2011-08-22
726,National,2011,35,0.804155,0.860408,1528,887.0,1781,308.0,213,4717,1200,548228,2011-08-29
727,National,2011,36,0.907804,0.936075,1622,904.0,1809,293.0,185,4813,1184,514168,2011-09-05
728,National,2011,37,1.00555,0.966683,1788,1022.0,2206,346.0,205,5567,1196,575887,2011-09-12
729,National,2011,38,1.03601,0.996007,1816,1126.0,2264,374.0,242,5822,1201,584534,2011-09-19
730,National,2011,39,1.07583,1.10846,2248,1253.0,2514,449.0,244,6708,1213,605162,2011-09-26
731,National,2011,40,1.16092,1.20345,3106,1765.0,3485,632.0,377,9365,1850,778182,2011-10-03
732,National,2011,41,1.19785,1.23777,3317,1777.0,3667,672.0,370,9803,1883,791987,2011-10-10
733,National,2011,42,1.27926,1.25259,3324,1763.0,3837,655.0,379,9958,1905,794995,2011-10-17
734,National,2011,43,1.29194,1.30546,3453,1773.0,4035,657.0,380,10298,1900,788840,2011-10-24
735,National,2011,44,1.42824,1.45295,3634,1957.0,4658,760.0,387,11396,1925,784334,2011-10-31
736,National,2011,45,1.39803,1.44089,3949,2072.0,4348,671.0,456,11496,1946,797839,2011-11-07
737,National,2011,46,1.45831,1.46221,3923,2166.0,4361,797.0,474,11721,1900,801594,2011-11-14
738,National,2011,47,1.56548,1.65573,4125,1803.0,3340,679.0,430,10377,1918,626731,2011-11-21
739,National,2011,48,1.34313,1.46606,4237,2059.0,3955,815.0,413,11479,1904,782984,2011-11-28
740,National,2011,49,1.48139,1.51811,3995,1938.0,4040,772.0,442,11187,1898,736905,2011-12-05
741,National,2011,50,1.63398,1.66429,4579,2077.0,4097,838.0,546,12137,1872,729258,2011-12-12
742,National,2011,51,1.83126,1.85274,5016,2068.0,3535,818.0,521,11958,1851,645424,2011-12-19
743,National,2011,52,2.10451,2.12413,5243,2315.0,3184,946.0,668,12356,1821,581697,2011-12-26
744,National,2012,1,1.73625,1.76709,4514,2342.0,3393,1028.0,715,11992,1891,678631,2012-01-02
745,National,2012,2,1.55066,1.5434,4059,2319.0,3636,918.0,611,11543,1883,747894,2012-01-09
746,National,2012,3,1.62891,1.64762,4364,2247.0,4030,800.0,498,11939,1887,724623,2012-01-16
747,National,2012,4,1.76038,1.6843,4766,2303.0,4802,825.0,513,13209,1891,784244,2012-01-23
748,National,2012,5,1.92728,1.86354,5218,2415.0,5336,915.0,564,14448,1885,775298,2012-01-30
749,National,2012,6,1.91994,1.86408,5028,2582.0,5555,894.0,565,14624,1875,784516,2012-02-06
750,National,2012,7,2.09951,2.01839,5277,2937.0,5994,1054.0,667,15929,1884,789193,2012-02-13
751,National,2012,8,2.23973,2.10385,5246,3009.0,5990,1131.0,761,16137,1853,767022,2012-02-20
752,National,2012,9,2.21921,2.09555,5219,3141.0,6239,1153.0,766,16518,1826,788242,2012-02-27
753,National,2012,10,2.16693,2.10398,4811,2832.0,6493,998.0,629,15763,1816,749198,2012-03-05
754,National,2012,11,2.38913,2.2941,5175,3321.0,6768,1185.0,701,17150,1819,747570,2012-03-12
755,National,2012,12,1.96466,1.92223,4422,2822.0,5683,988.0,609,14524,1780,755579,2012-03-19
756,National,2012,13,1.84229,1.74239,3807,2485.0,5256,920.0,549,13017,1753,747079,2012-03-26
757,National,2012,14,1.68674,1.67601,3582,2306.0,4631,839.0,572,11930,1729,711808,2012-04-02
758,National,2012,15,1.53136,1.49637,3253,2109.0,4059,767.0,544,10732,1707,717202,2012-04-09
759,National,2012,16,1.37912,1.38202,3001,1990.0,4020,719.0,393,10123,1699,732480,2012-04-16
760,National,2012,17,1.29515,1.28926,2638,1831.0,3802,664.0,435,9370,1675,726772,2012-04-23
761,National,2012,18,1.39521,1.35803,2509,1728.0,3671,636.0,455,8999,1564,662649,2012-04-30
762,National,2012,19,1.32522,1.30833,2524,1559.0,3468,606.0,419,8576,1546,655492,2012-05-07
763,National,2012,20,1.23059,1.26692,2465,1547.0,3087,588.0,375,8062,1503,636347,2012-05-14
764,National,2012,21,1.23028,1.27731,2545,1461.0,3011,483.0,378,7878,1415,616765,2012-05-21
765,National,2012,22,1.26877,1.2991,2480,1276.0,2601,446.0,350,7153,1409,550614,2012-05-28
766,National,2012,23,1.10782,1.16297,2336,1281.0,2352,458.0,338,6765,1365,581700,2012-06-04
767,National,2012,24,1.09559,1.08612,2231,1150.0,2024,428.0,300,6133,1289,564670,2012-06-11
768,National,2012,25,1.11031,1.0568,2259,1119.0,1974,411.0,285,6048,1295,572296,2012-06-18
769,National,2012,26,1.10616,1.07871,2168,1058.0,1850,422.0,288,5786,1260,536380,2012-06-25
770,National,2012,27,1.10816,1.04662,1911,1013.0,1706,388.0,273,5291,1271,505533,2012-07-02
771,National,2012,28,0.999444,0.928152,1913,964.0,1751,337.0,220,5185,1240,558637,2012-07-09
772,National,2012,29,0.924199,0.901936,1818,914.0,1640,318.0,241,4931,1223,546713,2012-07-16
773,National,2012,30,0.949257,0.915356,1752,975.0,1721,372.0,283,5103,1250,557488,2012-07-23
774,National,2012,31,0.978903,0.952548,1728,1050.0,1706,408.0,267,5159,1240,541600,2012-07-30
775,National,2012,32,0.925024,0.916661,1660,989.0,1718,375.0,284,5026,1248,548294,2012-08-06
776,National,2012,33,0.848456,0.901787,1721,986.0,1755,357.0,232,5051,1238,560110,2012-08-13
777,National,2012,34,1.04451,1.03315,2098,1194.0,2128,425.0,296,6141,1238,594395,2012-08-20
778,National,2012,35,1.0986,1.05238,1958,1305.0,2335,443.0,277,6318,1238,600354,2012-08-27
779,National,2012,36,1.22071,1.12713,1886,1317.0,2294,481.0,318,6296,1242,558585,2012-09-03
780,National,2012,37,1.24976,1.1866,2176,1408.0,2870,513.0,415,7382,1252,622114,2012-09-10
781,National,2012,38,1.22892,1.21415,2295,1530.0,2972,511.0,348,7656,1268,630563,2012-09-17
782,National,2012,39,1.29393,1.25198,2421,1546.0,2867,575.0,398,7807,1248,623572,2012-09-24
783,National,2012,40,1.23034,1.20559,2773,1814.0,3691,702.0,415,9395,1932,779285,2012-10-01
784,National,2012,41,1.3278,1.31929,2960,1957.0,4007,745.0,489,10158,1940,769959,2012-10-08
785,National,2012,42,1.33995,1.32737,3202,1902.0,4233,760.0,488,10585,1968,797444,2012-10-15
786,National,2012,43,1.37842,1.36688,3346,2012.0,4268,771.0,516,10913,1958,798388,2012-10-22
787,National,2012,44,1.50085,1.50535,3326,2032.0,4422,797.0,484,11061,1929,734781,2012-10-29
788,National,2012,45,1.65163,1.61273,3733,2330.0,5145,925.0,541,12674,1974,785871,2012-11-05
789,National,2012,46,1.76746,1.75208,4034,2569.0,5526,897.0,597,13623,1966,777534,2012-11-12
790,National,2012,47,2.30609,2.33365,4651,2824.0,5387,1105.0,683,14650,1968,627772,2012-11-19
791,National,2012,48,2.16324,2.2268,5102,3950.0,7018,1498.0,953,18521,2006,831730,2012-11-26
792,National,2012,49,2.83038,2.97657,6486,4672.0,10857,1791.0,1071,24877,2006,835762,2012-12-03
793,National,2012,50,3.43761,3.62552,7446,5692.0,12945,2087.0,1262,29432,1977,811800,2012-12-10
794,National,2012,51,4.30554,4.5532,8546,7437.0,13971,2730.0,1648,34332,1908,754019,2012-12-17
795,National,2012,52,6.06082,6.02598,9709,9295.0,11391,3639.0,2554,36588,1905,607171,2012-12-24
796,National,2013,1,4.64931,4.96368,8444,9679.0,9108,4080.0,2792,34103,1982,687051,2013-01-07
797,National,2013,2,4.32584,4.69072,8297,10877.0,13424,4502.0,2796,39896,1995,850531,2013-01-14
798,National,2013,3,4.51113,4.70473,8633,8977.0,15992,3523.0,2316,39441,2008,838326,2013-01-21
799,National,2013,4,4.2171,4.1646,7441,7021.0,13439,2760.0,1765,32426,1978,778610,2013-01-28
800,National,2013,5,3.78956,3.69533,6609,6421.0,12653,2551.0,1574,29808,1963,806640,2013-02-04
801,National,2013,6,3.29206,3.2363,5757,5236.0,10816,1971.0,1207,24987,1931,772086,2013-02-11
802,National,2013,7,3.0197,2.89421,5289,4698.0,9395,1894.0,1045,22321,1926,771229,2013-02-18
803,National,2013,8,2.71499,2.71742,5099,4357.0,8415,1625.0,1023,20519,1940,755092,2013-02-25
804,National,2013,9,2.4845,2.52297,4633,4030.0,7981,1619.0,968,19231,1893,762238,2013-03-04
805,National,2013,10,2.57808,2.55227,4791,3935.0,7709,1536.0,858,18829,1884,737736,2013-03-11
806,National,2013,11,2.39237,2.43225,4480,3606.0,7065,1352.0,889,17392,1846,715059,2013-03-18
807,National,2013,12,2.06778,2.10851,3957,3191.0,6095,1270.0,741,15254,1825,723449,2013-03-25
808,National,2013,13,1.90281,1.94725,3830,2924.0,5204,1124.0,632,13714,1811,704276,2013-04-01
809,National,2013,14,1.65902,1.74859,3516,2677.0,4299,1106.0,675,12273,1769,701881,2013-04-08
810,National,2013,15,1.43006,1.49713,3110,2219.0,3929,957.0,603,10818,1742,722583,2013-04-15
811,National,2013,16,1.27757,1.32313,2707,1757.0,3509,724.0,491,9188,1732,694415,2013-04-22
812,National,2013,17,1.19009,1.22647,2588,1630.0,3364,582.0,425,8589,1711,700300,2013-04-29
813,National,2013,18,1.09556,1.19614,2439,1470.0,3142,565.0,370,7986,1675,667648,2013-05-06
814,National,2013,19,1.08589,1.19049,2422,1474.0,2877,570.0,361,7704,1630,647130,2013-05-13
815,National,2013,20,1.07343,1.17426,2431,1345.0,2583,565.0,393,7317,1582,623114,2013-05-20
816,National,2013,21,1.01677,1.13342,2230,1279.0,2219,493.0,368,6589,1489,581338,2013-05-27
817,National,2013,22,1.04847,1.14306,2109,1147.0,2094,483.0,357,6190,1486,541528,2013-06-03
818,National,2013,23,0.920349,1.00881,1983,1086.0,1779,460.0,330,5638,1421,558875,2013-06-10
819,National,2013,24,0.920779,1.02358,1969,1112.0,1713,468.0,277,5539,1419,541138,2013-06-17
820,National,2013,25,0.904333,1.00138,1877,1040.0,1766,489.0,302,5474,1405,546643,2013-06-24
821,National,2013,26,0.83057,0.909498,1703,947.0,1581,399.0,285,4915,1389,540408,2013-07-01
822,National,2013,27,0.862837,0.950042,1594,851.0,1489,321.0,251,4506,1357,474295,2013-07-08
823,National,2013,28,0.732182,0.829299,1576,862.0,1491,362.0,219,4510,1362,543833,2013-07-15
824,National,2013,29,0.724558,0.802109,1432,849.0,1405,315.0,185,4186,1341,521874,2013-07-22
825,National,2013,30,0.740848,0.806333,1416,800.0,1464,332.0,221,4233,1325,524969,2013-07-29
826,National,2013,31,0.726037,0.796937,1216,852.0,1284,350.0,184,3886,1290,487617,2013-08-05
827,National,2013,32,0.755639,0.779136,1367,870.0,1338,302.0,198,4075,1299,523015,2013-08-12
828,National,2013,33,0.761847,0.797653,1364,919.0,1366,331.0,188,4168,1276,522533,2013-08-19
829,National,2013,34,0.779896,0.825485,1331,892.0,1561,301.0,232,4317,1265,522965,2013-08-26
830,National,2013,35,0.899138,0.935469,1499,1014.0,1814,410.0,316,5053,1260,540157,2013-09-02
831,National,2013,36,0.999524,1.04345,1681,1137.0,2035,462.0,311,5626,1317,539175,2013-09-09
832,National,2013,37,1.0558,1.09107,1926,1217.0,2437,440.0,354,6374,1307,584196,2013-09-16
833,National,2013,38,1.0967,1.20108,2175,1350.0,2683,537.0,365,7110,1290,591969,2013-09-23
834,National,2013,39,1.24709,1.26179,2393,1500.0,2963,648.0,459,7963,1364,631088,2013-09-30
835,National,2013,40,1.15746,1.13249,2974,1840.0,3769,638.0,456,9677,1960,854487,2013-10-07
836,National,2013,41,1.27184,1.21121,3276,1924.0,3925,762.0,533,10420,1990,860298,2013-10-14
837,National,2013,42,1.31623,1.25682,3483,2010.0,3880,785.0,500,10658,2018,848016,2013-10-21
838,National,2013,43,1.37444,1.37097,3930,2292.0,4484,816.0,514,12036,2027,877917,2013-10-28
839,National,2013,44,1.46781,1.42956,4045,2354.0,4642,930.0,531,12502,2028,874537,2013-11-04
840,National,2013,45,1.5834,1.53588,4434,2511.0,5062,953.0,538,13498,2017,878845,2013-11-11
841,National,2013,46,1.60253,1.60267,4643,2716.0,5000,990.0,578,13927,2054,868987,2013-11-18
842,National,2013,47,1.72344,1.73267,4835,3088.0,5579,1083.0,583,15168,2012,875411,2013-11-25
843,National,2013,48,2.11076,2.09858,4937,3027.0,4313,1059.0,639,13975,2042,665926,2013-12-02
844,National,2013,49,2.1708,2.21374,5549,4375.0,6579,1552.0,865,18920,2055,854664,2013-12-09
845,National,2013,50,2.36971,2.41674,5501,4458.0,7046,1591.0,802,19398,2054,802651,2013-12-16
846,National,2013,51,3.15997,3.03071,6555,6525.0,8406,2272.0,939,24697,2009,814891,2013-12-23
847,National,2013,52,4.59053,4.38724,7814,7499.0,7485,2874.0,1316,26988,2007,615148,2013-12-30
848,National,2014,1,4.28195,4.2112,7488,9135.0,6726,3555.0,1750,28654,2033,680424,2014-01-06
849,National,2014,2,3.56288,3.46492,6233,8846.0,7881,3565.0,1622,28147,2059,812343,2014-01-13
850,National,2014,3,3.36378,3.31698,6007,8091.0,9517,3149.0,1606,28370,2049,855297,2014-01-20
851,National,2014,4,3.39659,3.2407,5878,6818.0,8858,2616.0,1332,25502,2062,786928,2014-01-27
852,National,2014,5,3.11922,2.88598,5133,6031.0,8714,2403.0,1203,23484,2051,813726,2014-02-03
853,National,2014,6,2.83572,2.62172,4729,5278.0,7711,2242.0,1125,21085,2051,804244,2014-02-10
854,National,2014,7,2.48484,2.34067,4210,4470.0,6717,1829.0,969,18195,2018,777340,2014-02-17
855,National,2014,8,2.2741,2.12059,4250,4306.0,6121,1684.0,873,17234,2025,812700,2014-02-24
856,National,2014,9,2.07244,1.91094,3953,3691.0,5875,1505.0,890,15914,1978,832786,2014-03-03
857,National,2014,10,1.98207,1.9023,3775,3472.0,5575,1430.0,792,15044,1944,790831,2014-03-10
858,National,2014,11,1.82441,1.76619,3616,3210.0,5022,1360.0,816,14024,1904,794024,2014-03-17
859,National,2014,12,1.82036,1.85791,3798,3285.0,5611,1422.0,810,14926,1922,803374,2014-03-24
860,National,2014,13,1.75391,1.82094,3523,3256.0,5812,1298.0,772,14661,1887,805133,2014-03-31
861,National,2014,14,1.74542,1.83453,3582,3153.0,5659,1436.0,807,14637,1866,797863,2014-04-07
862,National,2014,15,1.67236,1.75446,3574,2943.0,5587,1316.0,786,14206,1845,809707,2014-04-14
863,National,2014,16,1.51659,1.51636,3130,2516.0,4279,1088.0,710,11723,1810,773101,2014-04-21
864,National,2014,17,1.44778,1.40334,2846,2504.0,3770,1036.0,658,10814,1771,770592,2014-04-28
865,National,2014,18,1.29028,1.2593,2501,2084.0,3591,913.0,559,9648,1746,766139,2014-05-05
866,National,2014,19,1.37388,1.32482,2789,2009.0,3615,834.0,528,9775,1714,737834,2014-05-12
867,National,2014,20,1.34208,1.27576,2544,1876.0,3256,825.0,532,9033,1660,708049,2014-05-19
868,National,2014,21,1.34563,1.29483,2733,1742.0,3068,771.0,483,8797,1570,679395,2014-05-26
869,National,2014,22,1.21291,1.2261,2528,1542.0,2459,625.0,504,7658,1554,624582,2014-06-02
870,National,2014,23,1.19291,1.14538,2383,1492.0,2349,607.0,398,7229,1461,631143,2014-06-09
871,National,2014,24,1.14146,1.0678,2227,1413.0,2181,561.0,401,6783,1461,635233,2014-06-16
872,National,2014,25,1.06503,1.07269,2159,1285.0,2009,528.0,388,6369,1392,593740,2014-06-23
873,National,2014,26,1.12669,1.01298,2049,1235.0,1917,509.0,328,6038,1411,596063,2014-06-30
874,National,2014,27,0.947353,0.994705,1865,1075.0,1688,416.0,308,5352,1388,538049,2014-07-07
875,National,2014,28,0.944187,0.880862,1758,1122.0,1623,441.0,351,5295,1394,601116,2014-07-14
876,National,2014,29,0.934822,0.858173,1582,1116.0,1621,403.0,361,5083,1376,592305,2014-07-21
877,National,2014,30,0.81736,0.805152,1455,1128.0,1450,398.0,334,4765,1372,591814,2014-07-28
878,National,2014,31,0.852792,0.818781,1450,1094.0,1655,417.0,326,4942,1378,603580,2014-08-04
879,National,2014,32,0.746994,0.783735,1460,1074.0,1528,409.0,273,4744,1382,605307,2014-08-11
880,National,2014,33,0.761098,0.848703,1528,1107.0,1631,403.0,311,4980,1369,586778,2014-08-18
881,National,2014,34,0.767627,0.834146,1569,1196.0,1813,412.0,315,5305,1371,635980,2014-08-25
882,National,2014,35,0.862176,0.905981,1684,1223.0,2184,401.0,307,5799,1353,640080,2014-09-01
883,National,2014,36,0.984907,1.04506,1753,1284.0,2258,453.0,302,6050,1352,578913,2014-09-08
884,National,2014,37,1.16287,1.16816,2300,1550.0,3316,568.0,396,8130,1401,695966,2014-09-15
885,National,2014,38,1.22731,1.27649,2535,1705.0,3650,605.0,393,8888,1405,696282,2014-09-22
886,National,2014,39,1.2071,1.29758,2522,1820.0,3447,657.0,428,8874,1407,683887,2014-09-29
887,National,2014,40,1.16191,1.20612,2958,1959.0,3994,712.0,527,10150,1937,841540,2014-10-06
888,National,2014,41,1.30905,1.32485,3055,2116.0,4437,821.0,548,10977,1960,828544,2014-10-13
889,National,2014,42,1.37072,1.41192,3442,2321.0,4728,870.0,580,11941,2000,845727,2014-10-20
890,National,2014,43,1.43373,1.42547,3455,2459.0,4955,892.0,531,12292,2008,862314,2014-10-27
891,National,2014,44,1.42791,1.43909,3632,2242.0,5102,807.0,530,12313,2053,855608,2014-11-03
892,National,2014,45,1.61605,1.61532,4277,2349.0,5799,863.0,565,13853,2058,857601,2014-11-10
893,National,2014,46,1.65976,1.66473,4424,2323.0,5816,911.0,588,14062,1997,844700,2014-11-17
894,National,2014,47,2.05459,2.0058,4740,2921.0,7322,1049.0,642,16674,2058,831289,2014-11-24
895,National,2014,48,2.53541,2.62227,5432,3277.0,6848,1165.0,880,17602,2067,671251,2014-12-01
896,National,2014,49,2.54253,2.60749,6185,4623.0,9106,1767.0,1224,22905,2097,878430,2014-12-08
897,National,2014,50,3.60563,3.4178,7424,5287.0,13050,1970.0,1441,29172,2069,853532,2014-12-15
898,National,2014,51,4.90976,4.46555,9270,6920.0,16418,2671.0,2103,37382,2016,837119,2014-12-22
899,National,2014,52,5.98221,6.11497,10363,8982.0,13951,3718.0,3519,40533,1984,662849,2014-12-29
900,National,2014,53,5.47421,5.30979,9732,9348.0,9406,4288.0,4117,36891,1983,694773,2015-01-05
901,National,2015,1,4.21374,4.07898,7160,8072.0,9589,3614.0,3048,31483,1958,771835,2015-01-05
902,National,2015,2,4.21022,3.93762,7044,6946.0,11966,2909.0,2339,31204,1971,792459,2015-01-12
903,National,2015,3,4.25968,4.15076,7840,6451.0,13949,2951.0,2030,33221,1966,800359,2015-01-19
904,National,2015,4,3.97761,3.87899,7118,5844.0,13159,2585.0,1915,30621,1955,789407,2015-01-26
905,National,2015,5,3.63443,3.45794,6656,5380.0,12093,2368.0,1654,28151,1950,814097,2015-02-02
906,National,2015,6,3.26527,3.06359,6429,4884.0,10328,2072.0,1505,25218,1917,823153,2015-02-09
907,National,2015,7,2.93083,2.82646,5537,4295.0,8164,1842.0,1271,21109,1907,746836,2015-02-16
908,National,2015,8,2.54474,2.3599,4823,4061.0,7280,1765.0,1249,19178,1934,812660,2015-02-23
909,National,2015,9,2.47227,2.33472,4639,3914.0,7116,1696.0,1076,18441,1912,789858,2015-03-02
910,National,2015,10,2.35665,2.21286,4710,3654.0,6748,1654.0,1067,17833,1907,805881,2015-03-09
911,National,2015,11,2.17008,2.07619,4559,3482.0,6084,1573.0,997,16695,1883,804117,2015-03-16
912,National,2015,12,2.04297,2.01267,4418,3284.0,6003,1486.0,931,16122,1848,801027,2015-03-23
913,National,2015,13,1.954,1.94192,4174,2968.0,5623,1321.0,889,14975,1819,771143,2015-03-30
914,National,2015,14,1.72287,1.74809,3903,2931.0,4634,1387.0,878,13733,1820,785602,2015-04-06
915,National,2015,15,1.53694,1.50367,3448,2448.0,4214,1160.0,774,12044,1813,800974,2015-04-13
916,National,2015,16,1.38283,1.43494,3182,2052.0,4011,975.0,640,10860,1768,756827,2015-04-20
917,National,2015,17,1.46265,1.45673,3203,2122.0,4280,888.0,602,11095,1753,761638,2015-04-27
918,National,2015,18,1.38934,1.42836,3106,2074.0,4079,846.0,589,10694,1735,748690,2015-05-04
919,National,2015,19,1.3468,1.35297,2805,1810.0,3641,813.0,602,9671,1688,714799,2015-05-11
920,National,2015,20,1.25452,1.33093,2754,1768.0,3296,736.0,470,9024,1622,678023,2015-05-18
921,National,2015,21,1.21636,1.28422,2593,1461.0,2714,652.0,493,7913,1579,616171,2015-05-25
922,National,2015,22,1.16734,1.13889,2211,1334.0,2345,594.0,462,6946,1505,609891,2015-06-01
923,National,2015,23,1.04654,1.10343,2109,1320.0,2284,575.0,456,6744,1455,611184,2015-06-08
924,National,2015,24,0.943661,0.970748,1734,1167.0,2046,495.0,408,5850,1459,602628,2015-06-15
925,National,2015,25,0.935046,0.998681,1897,1170.0,1921,496.0,429,5913,1445,592081,2015-06-22
926,National,2015,26,0.934726,0.978057,1678,1043.0,1701,430.0,380,5232,1417,534938,2015-06-29
927,National,2015,27,0.864118,0.866431,1546,1081.0,1675,443.0,371,5116,1428,590468,2015-07-06
928,National,2015,28,0.806535,0.827757,1487,1028.0,1609,405.0,341,4870,1411,588337,2015-07-13
929,National,2015,29,0.742747,0.797572,1383,1011.0,1498,413.0,321,4626,1401,580010,2015-07-20
930,National,2015,30,0.737859,0.811221,1415,999.0,1459,432.0,300,4605,1352,567663,2015-07-27
931,National,2015,31,0.743224,0.821165,1392,1026.0,1590,420.0,325,4753,1364,578812,2015-08-03
932,National,2015,32,0.805251,0.819435,1330,1062.0,1667,400.0,291,4750,1340,579668,2015-08-10
933,National,2015,33,0.816943,0.848041,1429,1134.0,1815,436.0,359,5173,1356,609994,2015-08-17
934,National,2015,34,0.814518,0.888524,1687,1151.0,2033,423.0,354,5648,1362,635661,2015-08-24
935,National,2015,35,0.86067,0.962826,1636,1230.0,2292,481.0,324,5963,1354,619323,2015-08-31
936,National,2015,36,0.886704,1.02252,1714,1297.0,2169,461.0,329,5970,1349,583853,2015-09-07
937,National,2015,37,1.00845,1.08392,1993,1392.0,2744,536.0,397,7062,1369,651524,2015-09-14
938,National,2015,38,1.06625,1.17724,2178,1520.0,2947,627.0,432,7704,1367,654414,2015-09-21
939,National,2015,39,1.05995,1.1716,2170,1654.0,2746,652.0,404,7626,1332,650904,2015-09-28
940,National,2015,40,1.22559,1.24325,2849,2015.0,3693,871.0,621,10049,1963,808287,2015-10-05
941,National,2015,41,1.31066,1.3234,3016,2102.0,4007,912.0,678,10715,1976,809660,2015-10-12
942,National,2015,42,1.3711,1.40399,3263,2357.0,4360,951.0,653,11584,1995,825079,2015-10-19
943,National,2015,43,1.39171,1.37629,3141,2254.0,4148,927.0,694,11164,1999,811165,2015-10-26
944,National,2015,44,1.43712,1.46866,3563,2450.0,4783,935.0,692,12423,2048,845875,2015-11-02
945,National,2015,45,1.50165,1.533,3746,2517.0,4725,943.0,745,12676,2028,826877,2015-11-09
946,National,2015,46,1.59805,1.60841,3960,2656.0,5076,1026.0,766,13484,2023,838344,2015-11-16
947,National,2015,47,1.89668,1.90047,3974,2427.0,4073,981.0,703,12158,2000,639738,2015-11-23
948,National,2015,48,1.67728,1.73645,4469,3011.0,5076,1232.0,829,14617,2040,841777,2015-11-30
949,National,2015,49,1.78296,1.81945,4575,2902.0,5384,1252.0,873,14986,2020,823657,2015-12-07
950,National,2015,50,1.87336,1.96571,5135,2963.0,5105,1250.0,943,15396,2000,783227,2015-12-14
951,National,2015,51,2.32148,2.42021,5377,2876.0,4317,1256.0,1013,14839,1978,613128,2015-12-21
952,National,2015,52,2.40991,2.41083,5700,3264.0,4011,1524.0,1180,15679,1949,650356,2015-12-28
953,National,2016,1,1.94328,1.98859,4775,3597.0,4494,1631.0,1157,15654,2004,787192,2016-01-04
954,National,2016,2,1.99796,1.98985,4574,3180.0,5362,1380.0,1021,15517,2005,779809,2016-01-11
955,National,2016,3,2.11829,2.1071,4804,3226.0,5380,1297.0,954,15661,2008,743249,2016-01-18
956,National,2016,4,2.25112,2.19256,5088,3615.0,6882,1551.0,1007,18143,2026,827482,2016-01-25
957,National,2016,5,2.37116,2.30014,5135,3759.0,7353,1625.0,1072,18944,2007,823602,2016-02-01
958,National,2016,6,2.80035,2.67574,5645,4600.0,8434,1916.0,1179,21774,2000,813755,2016-02-08
959,National,2016,7,3.16475,3.02427,5997,5642.0,9325,2347.0,1370,24681,1993,816098,2016-02-15
960,National,2016,8,3.15183,3.11328,6299,6001.0,10127,2606.0,1390,26423,1956,848718,2016-02-22
961,National,2016,9,3.3321,3.32788,6619,6395.0,11415,2599.0,1440,28468,1952,855439,2016-02-29
962,National,2016,10,3.56024,3.5918,6660,7358.0,11856,2977.0,1630,30481,1922,848628,2016-03-07
963,National,2016,11,3.05479,3.09262,5574,6026.0,9334,2489.0,1471,24894,1898,804948,2016-03-14
964,National,2016,12,2.76732,2.78803,5187,4982.0,8489,2000.0,1282,21940,1900,786936,2016-03-21
965,National,2016,13,2.44161,2.52371,4581,4476.0,7392,1953.0,1201,19603,1832,776752,2016-03-28
966,National,2016,14,2.03348,2.12928,3707,3869.0,6403,1660.0,1130,16769,1813,787543,2016-04-04
967,National,2016,15,1.98593,2.05142,3572,3530.0,6595,1533.0,1031,16261,1805,792672,2016-04-11
968,National,2016,16,1.91514,1.98957,3515,3247.0,6357,1373.0,945,15437,1774,775895,2016-04-18
969,National,2016,17,1.69968,1.7858,3157,2986.0,5557,1235.0,901,13836,1759,774777,2016-04-25
970,National,2016,18,1.57635,1.60144,2772,2586.0,4729,1037.0,746,11870,1742,741210,2016-05-02
971,National,2016,19,1.3935,1.4743,2871,2276.0,4046,849.0,665,10707,1690,726244,2016-05-09
972,National,2016,20,1.29941,1.42286,2688,1998.0,3630,839.0,643,9798,1626,688612,2016-05-16
973,National,2016,21,1.18379,1.38196,2612,1714.0,3126,717.0,618,8787,1439,635835,2016-05-23
974,National,2016,22,1.13723,1.33712,2545,1637.0,2620,663.0,532,7997,1482,598077,2016-05-30
975,National,2016,23,1.04118,1.13894,2293,1460.0,2313,617.0,518,7201,1446,632252,2016-06-06
976,National,2016,24,0.971814,1.09641,2189,1354.0,2171,588.0,466,6768,1440,617287,2016-06-13
977,National,2016,25,0.863306,0.999559,2062,1178.0,1905,493.0,386,6024,1402,602666,2016-06-20
978,National,2016,26,0.833797,0.99095,1873,1146.0,1810,473.0,384,5686,1382,573793,2016-06-27
979,National,2016,27,0.784516,0.931253,1646,985.0,1641,463.0,383,5118,1379,549582,2016-07-04
980,National,2016,28,0.734327,0.843118,1610,1064.0,1599,422.0,383,5078,1392,602288,2016-07-11
981,National,2016,29,0.698845,0.840286,1670,994.0,1621,384.0,375,5044,1388,600272,2016-07-18
982,National,2016,30,0.723099,0.830065,1580,1036.0,1624,362.0,323,4925,1393,593327,2016-07-25
983,National,2016,31,0.663501,0.790428,1455,971.0,1496,359.0,315,4596,1360,581457,2016-08-01
984,National,2016,32,0.69276,0.830826,1512,1016.0,1639,382.0,319,4868,1329,585923,2016-08-08
985,National,2016,33,0.710029,0.856796,1644,1028.0,1914,373.0,306,5265,1345,614499,2016-08-15
986,National,2016,34,0.834232,1.00746,1848,1234.0,2364,465.0,349,6260,1356,621362,2016-08-22
987,National,2016,35,0.992621,1.05868,1815,1242.0,2651,455.0,341,6504,1354,614349,2016-08-29
988,National,2016,36,1.01605,1.10028,1883,1284.0,2604,471.0,381,6623,1347,601938,2016-09-05
989,National,2016,37,1.07169,1.1457,2026,1509.0,3073,579.0,452,7639,1365,666755,2016-09-12
990,National,2016,38,1.10163,1.2189,2341,1539.0,3298,613.0,438,8229,1363,675119,2016-09-19
991,National,2016,39,1.18841,1.31113,2413,1645.0,3334,630.0,483,8505,1389,648678,2016-09-26
992,National,2016,40,1.2019,1.27386,3110,2114.0,4169,828.0,643,10864,1946,852842,2016-10-03
993,National,2016,41,1.23108,1.29342,3207,2155.0,4078,879.0,678,10997,1973,850228,2016-10-10
994,National,2016,42,1.26796,1.33097,3564,2234.0,4452,981.0,695,11926,1983,896035,2016-10-17
995,National,2016,43,1.36298,1.42662,3786,2406.0,4769,987.0,700,12648,2006,886570,2016-10-24
996,National,2016,44,1.48535,1.57071,4314,2444.0,5287,1030.0,715,13790,1999,877947,2016-10-31
997,National,2016,45,1.55954,1.65146,4703,2549.0,5193,1055.0,758,14258,1990,863356,2016-11-07
998,National,2016,46,1.64783,1.73309,4979,2659.0,5610,1083.0,829,15160,2000,874739,2016-11-14
999,National,2016,47,1.91275,2.03388,5032,2634.0,4567,1108.0,867,14208,2011,698566,2016-11-21
1000,National,2016,48,1.81725,1.88331,5209,3326.0,5655,1359.0,1056,16605,2001,881694,2016-11-28
1001,National,2016,49,1.91433,2.00292,5501,3188.0,5812,1413.0,1047,16961,2013,846813,2016-12-05
1002,National,2016,50,2.21003,2.27731,5744,3491.0,6724,1485.0,1019,18463,2000,810736,2016-12-12
1003,National,2016,51,2.73568,2.91465,6653,4099.0,7469,1923.0,1421,21565,1977,739882,2016-12-19
1004,National,2016,52,3.36832,3.54919,7712,5247.0,7144,2652.0,2145,24900,1928,701569,2016-12-26
1005,National,2017,1,3.09689,3.08102,6716,5673.0,6786,2773.0,2230,24178,2024,784740,2017-01-02
1006,National,2017,2,3.07346,3.01875,6020,5313.0,8843,2639.0,2082,24897,1997,824746,2017-01-09
1007,National,2017,3,3.51643,3.40446,6399,5588.0,12147,2717.0,1930,28781,2029,845391,2017-01-16
1008,National,2017,4,3.8027,3.52869,6958,5788.0,14073,2623.0,1823,31265,2021,886023,2017-01-23
1009,National,2017,5,4.50313,4.10665,7452,6522.0,17482,2968.0,2093,36517,2024,889216,2017-01-30
1010,National,2017,6,5.06308,4.7551,8110,8235.0,20150,3749.0,2646,42890,2027,901978,2017-02-06
1011,National,2017,7,4.86009,4.65163,7726,8328.0,18692,3652.0,2637,41035,1967,882163,2017-02-13
1012,National,2017,8,4.57916,4.57049,7649,8560.0,17300,3807.0,2808,40124,1987,877892,2017-02-20
1013,National,2017,9,3.55674,3.45522,6129,6496.0,12394,2983.0,2181,30183,1995,873547,2017-02-27
1014,National,2017,10,3.50417,3.29505,5854,5970.0,11552,2766.0,1918,28060,1971,851580,2017-03-06
1015,National,2017,11,3.21511,3.16426,5503,5535.0,10084,2582.0,1780,25484,1958,805370,2017-03-13
1016,National,2017,12,3.10088,3.14433,5514,5858.0,11503,2641.0,1838,27354,1940,869946,2017-03-20
1017,National,2017,13,2.79056,2.87936,5145,5070.0,10149,2354.0,1624,24342,1899,845397,2017-03-27
1018,National,2017,14,2.38547,2.36977,4488,3918.0,8178,1760.0,1333,19677,1906,830332,2017-04-03
1019,National,2017,15,1.9703,1.93853,3909,3151.0,5847,1470.0,1171,15548,1861,802052,2017-04-10
1020,National,2017,16,1.73442,1.64064,3306,2766.0,4683,1258.0,993,13006,1845,792740,2017-04-17
1021,National,2017,17,1.56303,1.4752,2997,2391.0,4497,1111.0,928,11924,1846,808298,2017-04-24
1022,National,2017,18,1.4128,1.37755,2890,2039.0,4105,1011.0,717,10762,1795,781240,2017-05-01
1023,National,2017,19,1.27492,1.33771,2751,2037.0,3831,862.0,721,10202,1767,762648,2017-05-08
1024,National,2017,20,1.2834,1.34686,2685,2011.0,3518,886.0,709,9809,1746,728288,2017-05-15
1025,National,2017,21,1.16663,1.26579,2341,1745.0,3060,771.0,647,8564,1614,676574,2017-05-22
1026,National,2017,22,1.10977,1.25701,2311,1577.0,2575,710.0,583,7756,1569,617021,2017-05-29
1027,National,2017,23,1.04333,1.16048,2412,1459.0,2377,671.0,591,7510,1493,647145,2017-06-05
1028,National,2017,24,0.905151,1.04834,2049,1346.0,2099,595.0,547,6636,1470,633003,2017-06-12
1029,National,2017,25,0.902718,0.992711,1930,1282.0,1971,559.0,498,6240,1469,628582,2017-06-19
1030,National,2017,26,0.859531,0.961603,1771,1121.0,1748,489.0,467,5596,1422,581945,2017-06-26
1031,National,2017,27,0.818998,0.955818,1728,1111.0,1564,505.0,418,5326,1456,557219,2017-07-03
1032,National,2017,28,0.752505,0.827597,1545,1004.0,1578,462.0,372,4961,1405,599446,2017-07-10
1033,National,2017,29,0.731146,0.811886,1549,908.0,1421,450.0,419,4747,1384,584688,2017-07-17
1034,National,2017,30,0.733295,0.818527,1576,953.0,1515,459.0,376,4879,1377,596071,2017-07-24
1035,National,2017,31,0.73102,0.829758,1529,1037.0,1485,415.0,433,4899,1390,590413,2017-07-31
1036,National,2017,32,0.68834,0.828503,1559,1044.0,1481,441.0,390,4915,1386,593239,2017-08-07
1037,National,2017,33,0.732049,0.885896,1603,1097.0,1691,427.0,412,5230,1350,590363,2017-08-14
1038,National,2017,34,0.911188,1.05351,1964,1256.0,2549,473.0,411,6653,1379,631507,2017-08-21
1039,National,2017,35,1.02105,1.11768,2076,1302.0,2726,526.0,503,7133,1370,638196,2017-08-28
1040,National,2017,36,1.09495,1.14028,2073,1369.0,2488,587.0,555,7072,1384,620201,2017-09-04
1041,National,2017,37,1.09475,1.13326,2372,1656.0,2942,706.0,628,8304,1485,732755,2017-09-11
1042,National,2017,38,1.09775,1.17589,2544,1625.0,3075,664.0,655,8563,1484,728214,2017-09-18
1043,National,2017,39,1.18882,1.23848,2840,1652.0,3201,746.0,640,9079,1468,733077,2017-09-25
1044,National,2017,40,1.26682,1.28278,3844,2486.0,4553,1072.0,875,12830,2205,1000168,2017-10-02
1045,National,2017,41,1.30662,1.33419,4120,2676.0,4453,1073.0,947,13269,2233,994535,2017-10-09
1046,National,2017,42,1.34866,1.41293,4409,2804.0,4993,1139.0,974,14319,2254,1013427,2017-10-16
1047,National,2017,43,1.51871,1.57884,5003,2921.0,5529,1324.0,1049,15826,2251,1002381,2017-10-23
1048,National,2017,44,1.74793,1.70723,5219,3289.0,6133,1365.0,1062,17068,2213,999750,2017-10-30
1049,National,2017,45,1.87047,1.86372,6108,3609.0,6625,1523.0,1129,18994,2278,1019146,2017-11-06
1050,National,2017,46,2.06674,2.09726,6805,4200.0,7478,1778.0,1354,21615,2281,1030631,2017-11-13
1051,National,2017,47,2.28188,2.34372,6945,3844.0,5876,1707.0,1445,19817,2264,845535,2017-11-20
1052,National,2017,48,2.28528,2.24895,7008,5235.0,7476,2206.0,1830,23755,2274,1056270,2017-11-27
1053,National,2017,49,2.5848,2.49852,7230,5050.0,8491,2338.0,1870,24979,2263,999753,2017-12-04
1054,National,2017,50,3.36711,3.20443,8297,6671.0,11277,2955.0,2333,31533,2255,984043,2017-12-11
1055,National,2017,51,4.71836,4.4305,10464,9836.0,14164,4578.0,3622,42664,2204,962961,2017-12-18
1056,National,2017,52,5.72036,5.46448,11301,11373.0,11509,5723.0,5080,44986,2122,823244,2017-12-25
1057,National,2018,1,5.77543,5.37416,9426,13370.0,11748,6868.0,5870,47282,2235,879802,2018-01-01
1058,National,2018,2,5.9083,5.54335,10082,15400.0,17403,7791.0,6246,56922,2251,1026852,2018-01-08
1059,National,2018,3,6.49095,6.34203,12004,15973.0,21873,7536.0,5551,62937,2277,992379,2018-01-15
1060,National,2018,4,7.17799,7.04897,13432,18349.0,30671,8925.0,6091,77468,2279,1098998,2018-01-22
1061,National,2018,5,7.52851,7.79783,14854,19095.0,37252,8929.0,5965,86095,2265,1104089,2018-01-29
1062,National,2018,6,7.38424,7.78892,15192,19505.0,38457,8621.0,5871,87646,2290,1125265,2018-02-05
1063,National,2018,7,6.46068,6.83583,13340,17163.0,31984,8070.0,5430,75987,2215,1111598,2018-02-12
1064,National,2018,8,4.95341,5.17354,10142,12428.0,20394,5808.0,4189,52961,2259,1023689,2018-02-19
1065,National,2018,9,3.67274,3.55184,7190,8445.0,13370,4081.0,2846,35932,2194,1011645,2018-02-26
1066,National,2018,10,3.2037,3.01348,6357,6483.0,10841,3139.0,2289,29109,2203,965961,2018-03-05
1067,National,2018,11,2.78869,2.73862,5590,5925.0,9479,2813.0,2121,25928,2188,946753,2018-03-12
1068,National,2018,12,2.50234,2.48438,5212,5406.0,8635,2563.0,1969,23785,2168,957380,2018-03-19
1069,National,2018,13,2.41065,2.36593,4722,4720.0,7216,2295.0,1743,20696,2131,874750,2018-03-26
1070,National,2018,14,2.07542,2.03306,4550,4452.0,6211,2158.0,1696,19067,2117,937849,2018-04-02
1071,National,2018,15,1.78234,1.8062,4148,3749.0,5508,1818.0,1449,16672,2076,923041,2018-04-09
1072,National,2018,16,1.61608,1.58958,3859,3216.0,5269,1432.0,1116,14892,2103,936850,2018-04-16
1073,National,2018,17,1.53992,1.54077,3725,3030.0,5343,1373.0,1101,14572,2079,945759,2018-04-23
1074,National,2018,18,1.53115,1.45326,3656,2600.0,4810,1215.0,992,13273,2005,913326,2018-04-30
1075,National,2018,19,1.29599,1.28242,3443,2205.0,4132,935.0,902,11617,1922,905868,2018-05-07
1076,National,2018,20,1.18904,1.2243,3359,2238.0,3766,905.0,799,11067,1966,903948,2018-05-14
1077,National,2018,21,1.24941,1.23385,3384,2082.0,3429,885.0,866,10646,1883,862825,2018-05-21
1078,National,2018,22,1.14134,1.22391,3222,1824.0,2982,846.0,734,9608,1789,785022,2018-05-28
1079,National,2018,23,0.988567,1.04866,2845,1836.0,2551,802.0,654,8688,1783,828488,2018-06-04
1080,National,2018,24,0.895433,0.979381,2375,1596.0,2242,699.0,658,7570,1738,772937,2018-06-11
1081,National,2018,25,0.892227,0.94819,2313,1554.0,2161,730.0,616,7374,1759,777692,2018-06-18
1082,National,2018,26,0.877636,0.867741,2201,1530.0,1906,669.0,626,6932,1720,798856,2018-06-25
1083,National,2018,27,0.77502,0.822957,2000,1299.0,1862,539.0,549,6249,1764,759335,2018-07-02
1084,National,2018,28,0.725956,0.772384,1945,1443.0,1900,627.0,587,6502,1769,841809,2018-07-09
1085,National,2018,29,0.68266,0.707466,1741,1290.0,1720,566.0,469,5786,1732,817849,2018-07-16
1086,National,2018,30,0.640527,0.686508,1665,1202.0,1643,523.0,463,5496,1728,800573,2018-07-23
1087,National,2018,31,0.64106,0.68859,1620,1246.0,1772,525.0,454,5617,1708,815725,2018-07-30
1088,National,2018,32,0.706465,0.736093,1727,1334.0,1786,541.0,476,5864,1670,796639,2018-08-06
1089,National,2018,33,0.708668,0.806323,1989,1387.0,2172,516.0,478,6542,1705,811337,2018-08-13
1090,National,2018,34,0.825743,0.954211,2237,1488.0,2467,602.0,515,7309,1601,765973,2018-08-20
1091,National,2018,35,0.864409,0.962249,2447,1637.0,2836,655.0,542,8117,1661,843545,2018-08-27
1092,National,2018,36,1.10114,1.14153,2817,1985.0,3346,767.0,621,9536,1693,835370,2018-09-03
1093,National,2018,37,1.15244,1.14726,2774,2112.0,3659,829.0,689,10063,1689,877135,2018-09-10
1094,National,2018,38,1.20257,1.31197,3242,2347.0,3950,922.0,729,11190,1666,852916,2018-09-17
1095,National,2018,39,1.25033,1.37701,3471,2464.0,4185,925.0,669,11714,1694,850685,2018-09-24
1096,National,2018,40,1.41846,1.42429,4857,3839.0,6300,1553.0,1290,17839,2565,1252483,2018-10-01
1097,National,2018,41,1.40418,1.48151,5307,4026.0,6250,1657.0,1321,18561,2609,1252846,2018-10-08
1098,National,2018,42,1.47401,1.59449,5582,4399.0,6799,1752.0,1398,19930,2586,1249933,2018-10-15
1099,National,2018,43,1.64257,1.72683,6242,4617.0,7478,1835.0,1444,21616,2646,1251776,2018-10-22
1100,National,2018,44,1.79275,1.84522,6864,4730.0,8285,1825.0,1450,23154,2633,1254812,2018-10-29
1101,National,2018,45,1.87043,1.93069,7504,4831.0,8448,1840.0,1450,24073,2645,1246860,2018-11-05
1102,National,2018,46,1.98387,2.09114,7805,5017.0,8050,1995.0,1480,24347,2631,1164292,2018-11-12
1103,National,2018,47,2.24169,2.41082,8598,5011.0,7193,2111.0,1699,24612,2586,1020898,2018-11-19
1104,National,2018,48,2.14883,2.25019,8885,6576.0,8787,2756.0,2076,29080,2640,1292335,2018-11-26
1105,National,2018,49,2.25531,2.30458,8803,5969.0,9269,2454.0,1861,28356,2633,1230419,2018-12-03
1106,National,2018,50,2.64571,2.73758,10150,6819.0,11373,2776.0,1980,33098,2622,1209022,2018-12-10
1107,National,2018,51,3.14075,3.24643,11507,8119.0,12811,3320.0,2479,38236,2571,1177786,2018-12-17
1108,National,2018,52,3.97127,4.19267,13586,10315.0,12026,4454.0,3523,43904,2545,1047161,2018-12-24
1109,National,2019,1,3.46125,3.63499,11675,11402.0,9557,5200.0,4260,42094,2609,1158023,2019-01-07
1110,National,2019,2,3.07707,3.14077,9344,10401.0,10744,4820.0,3443,38752,2629,1233836,2019-01-14
1111,National,2019,3,3.32915,3.36551,9668,10024.0,14248,4226.0,2943,41109,2633,1221478,2019-01-21
1112,National,2019,4,3.81999,3.89305,10728,11164.0,16925,4443.0,2853,46113,2614,1184495,2019-01-28
1113,National,2019,5,4.3419,4.5253,11606,13032.0,22188,5110.0,3251,55187,2639,1219521,2019-02-04
1114,National,2019,6,4.88288,5.21525,13828,15708.0,29688,6134.0,4084,69442,2644,1331519,2019-02-11
1115,National,2019,7,5.04211,5.43173,14224,15928.0,29223,6329.0,4274,69978,2628,1288318,2019-02-18
1116,National,2019,8,4.88596,5.2776,13612,15684.0,26456,6115.0,4478,66345,2623,1257106,2019-02-25
1117,National,2019,9,4.5499,4.59585,11622,13833.0,23450,5699.0,4131,58735,2634,1278001,2019-03-04
1118,National,2019,10,4.38001,4.40341,11146,13058.0,21736,5356.0,4052,55348,2614,1256934,2019-03-11
1119,National,2019,11,4.2288,4.13279,10975,12570.0,20065,5347.0,4176,53133,2622,1285646,2019-03-18
1120,National,2019,12,3.68449,3.56166,9559,10484.0,16537,4431.0,3775,44786,2596,1257449,2019-03-25
1121,National,2019,13,3.08744,3.05634,8621,8631.0,13608,3801.0,3183,37844,2587,1238213,2019-04-01
1122,National,2019,14,2.69971,2.68251,7591,7486.0,11757,3271.0,2800,32905,2597,1226648,2019-04-08
1123,National,2019,15,2.28549,2.26747,6739,6198.0,9988,2561.0,2317,27803,2542,1226170,2019-04-15
1124,National,2019,16,2.01443,1.96931,6319,4930.0,7894,2105.0,1874,23122,2517,1174114,2019-04-22
1125,National,2019,17,1.7141,1.72372,5689,4545.0,6617,1997.0,1735,20583,2490,1194101,2019-04-29
1126,National,2019,18,1.56927,1.57693,5362,4080.0,6203,1666.0,1537,18848,2459,1195232,2019-05-06
1127,National,2019,19,1.49991,1.46086,4785,3572.0,5903,1479.0,1357,17096,2415,1170273,2019-05-13
1128,National,2019,20,1.50211,1.50759,4614,3458.0,5488,1433.0,1356,16349,2302,1084443,2019-05-20
1129,National,2019,21,1.42357,1.40452,4597,3211.0,5227,1345.0,1367,15747,2205,1121166,2019-05-27
1130,National,2019,22,1.39457,1.40617,4437,3094.0,4659,1279.0,1301,14770,2179,1050372,2019-06-03
1131,National,2019,23,1.21776,1.23921,3930,2948.0,4110,1240.0,1205,13433,2235,1083994,2019-06-10
1132,National,2019,24,1.11351,1.10622,3350,2606.0,3607,1007.0,1048,11618,2139,1050239,2019-06-17
1133,National,2019,25,0.992293,1.01351,3046,2424.0,3282,998.0,928,10678,2141,1053569,2019-06-24
1134,National,2019,26,0.947072,0.959926,2940,2175.0,3106,906.0,859,9986,2063,1040288,2019-07-01
1135,National,2019,27,0.876088,0.873735,2433,1884.0,2676,788.0,768,8549,2111,978443,2019-07-08
1136,National,2019,28,0.809956,0.795831,2344,1882.0,2660,799.0,737,8422,2090,1058265,2019-07-15
1137,National,2019,29,0.755431,0.768849,2219,1861.0,2570,757.0,704,8111,2132,1054954,2019-07-22
1138,National,2019,30,0.73346,0.748185,2128,1800.0,2451,761.0,615,7755,2117,1036508,2019-07-29
1139,National,2019,31,0.72729,0.758451,2348,1829.0,2436,658.0,603,7874,2128,1038168,2019-08-05
1140,National,2019,32,0.754637,0.77011,2089,2041.0,2384,766.0,758,8038,2146,1043747,2019-08-12
1141,National,2019,33,0.730938,0.834825,2630,2047.0,2828,788.0,694,8987,2178,1076513,2019-08-19
1142,National,2019,34,0.840615,0.942052,2907,2210.0,3501,762.0,716,10096,2147,1071703,2019-08-26
1143,National,2019,35,0.989217,1.07895,3394,2539.0,4220,894.0,770,11817,2169,1095230,2019-09-02
1144,National,2019,36,1.14059,1.20634,3801,2924.0,4535,1030.0,868,13158,2189,1090741,2019-09-09
1145,National,2019,37,1.23272,1.2757,3905,3296.0,5499,1172.0,959,14831,2221,1162580,2019-09-16
1146,National,2019,38,1.24529,1.39156,4463,3567.0,5673,1249.0,1025,15977,2198,1148137,2019-09-23
1147,National,2019,39,1.33771,1.49698,4970,3875.0,6104,1365.0,1100,17414,2180,1163278,2019-09-30
1148,National,2019,40,1.49064,1.50415,6218,4827.0,7658,1764.0,1448,21915,2896,1456967,2019-10-07
1149,National,2019,41,1.59269,1.59823,6550,5147.0,7638,2015.0,1603,22953,2924,1436150,2019-10-14
1150,National,2019,42,1.72517,1.73838,7273,5548.0,8277,2110.0,1649,24857,2950,1429897,2019-10-21
1151,National,2019,43,1.83428,1.8605,7892,6080.0,9349,2305.0,1793,27419,2980,1473740,2019-10-28
1152,National,2019,44,2.04049,2.01425,8658,6143.0,10068,2279.0,1762,28910,2989,1435277,2019-11-04
1153,National,2019,45,2.39351,2.36364,10557,7182.0,12551,2453.0,1843,34586,3007,1463253,2019-11-11
1154,National,2019,46,2.63245,2.64431,11446,7904.0,13671,2739.0,1968,37728,2976,1426760,2019-11-18
1155,National,2019,47,2.91944,2.97548,12714,9138.0,17049,3099.0,2148,44148,2971,1483729,2019-11-25
1156,National,2019,48,3.41066,3.44787,14389,9159.0,14717,3186.0,2366,43817,2971,1270842,2019-12-02
1157,National,2019,49,3.2622,3.31577,13839,11943.0,16389,3929.0,2777,48877,2977,1474075,2019-12-09
1158,National,2019,50,3.94308,3.86928,14728,12822.0,21877,4114.0,2903,56444,2947,1458774,2019-12-16
1159,National,2019,51,5.06529,5.02757,17999,16225.0,29177,4834.0,3349,71584,2913,1423829,2019-12-23
1160,National,2019,52,7.06161,7.15315,24097,24617.0,34004,7638.0,5401,95757,2905,1338669,2019-12-30
1161,National,2020,1,5.91974,6.22926,21564,27650.0,23383,9208.0,6876,88681,2957,1423620,2020-01-06
1162,National,2020,2,4.94176,5.06974,15547,23631.0,22747,8196.0,5464,75585,2987,1490905,2020-01-13
1163,National,2020,3,5.33174,5.35782,16587,21395.0,29657,7379.0,4728,79746,2983,1488404,2020-01-20
1164,National,2020,4,6.08106,6.0261,18558,23657.0,35216,7971.0,4670,90072,2984,1494697,2020-01-27
1165,National,2020,5,6.74724,6.87271,20299,28889.0,44117,9527.0,5475,108307,2984,1575900,2020-02-03
1166,National,2020,6,6.7998,7.08261,20270,29790.0,45491,10036.0,5702,111289,2994,1571300,2020-02-10
1167,National,2020,7,6.11292,6.22068,17393,26428.0,36909,9231.0,5457,95418,2958,1533883,2020-02-17
1168,National,2020,8,5.55671,5.62148,15233,22908.0,28328,8221.0,5142,79832,2909,1420123,2020-02-24
1169,National,2020,9,5.12279,5.10226,13817,22125.0,25487,8273.0,5107,74809,2934,1466192,2020-03-02
1170,National,2020,10,5.26652,5.28928,13888,23906.0,26396,8891.0,5698,78779,2901,1489410,2020-03-09
1171,National,2020,11,5.67081,6.29229,14149,29657.0,27752,11327.0,6686,89571,2836,1423503,2020-03-16
1172,National,2020,12,6.38029,7.35285,10790,30818.0,17512,12478.0,6986,78584,2798,1068755,2020-03-23
1173,National,2020,13,4.91692,6.22687,5129,22408.0,8322,10825.0,6458,53142,2727,853431,2020-03-30
1174,National,2020,14,3.78625,4.82995,2359,14964.0,4852,8696.0,5380,36251,2684,750546,2020-04-06
1175,National,2020,15,2.80122,3.47366,1496,9995.0,3426,6043.0,4014,24974,2686,718953,2020-04-13
1176,National,2020,16,2.12879,2.57382,1068,7423.0,2666,4182.0,2926,18265,2666,709645,2020-04-20
1177,National,2020,17,1.73315,2.02032,926,6339.0,2317,3289.0,2293,15164,2652,750576,2020-04-27
1178,National,2020,18,1.40932,1.62094,864,5291.0,2098,2668.0,1896,12817,2624,790715,2020-05-04
1179,National,2020,19,1.18336,1.35262,729,4585.0,1889,2241.0,1622,11066,2611,818113,2020-05-11
1180,National,2020,20,1.11451,1.23819,788,4112.0,1960,2171.0,1449,10480,2601,846400,2020-05-18
1181,National,2020,21,1.00534,1.07598,1224,4375.0,2402,2148.0,1586,11735,2971,1090638,2020-05-25
1182,National,2020,22,0.88827,0.885843,805,3572.0,1898,1878.0,1461,9614,2950,1085294,2020-06-01
1183,National,2020,23,0.814062,0.819928,802,3440.0,1969,1705.0,1409,9325,2931,1137295,2020-06-08
1184,National,2020,24,0.836751,0.814575,881,3454.0,2141,1726.0,1378,9580,2902,1176074,2020-06-15
1185,National,2020,25,0.928456,0.950979,1006,4709.0,2679,2001.0,1471,11866,2935,1247767,2020-06-22
1186,National,2020,26,1.14217,1.20306,1216,6241.0,3491,2649.0,1902,15499,2896,1288294,2020-06-29
1187,National,2020,27,1.27401,1.38424,1395,7032.0,3970,3223.0,2223,17843,2897,1289006,2020-07-06
1188,National,2020,28,1.34951,1.47311,1545,8010.0,4094,3765.0,2632,20046,2918,1360798,2020-07-13
1189,National,2020,29,1.34471,1.43761,1658,7526.0,4075,3565.0,2436,19260,2894,1339726,2020-07-20
1190,National,2020,30,1.22153,1.21898,1634,6105.0,3560,3089.0,2145,16533,2953,1356301,2020-07-27
1191,National,2020,31,1.15258,1.15067,1609,5709.0,3497,2595.0,2114,15524,2992,1349125,2020-08-03
1192,National,2020,32,1.0626,1.05662,1570,4977.0,3271,2361.0,1938,14117,2956,1336052,2020-08-10
1193,National,2020,33,0.979884,0.981699,1592,4502.0,3167,2174.0,1758,13193,2978,1343895,2020-08-17
1194,National,2020,34,0.969202,0.961833,1804,4305.0,3283,1894.0,1666,12952,2930,1346595,2020-08-24
1195,National,2020,35,1.00022,0.970543,1866,4032.0,3951,1821.0,1489,13159,2967,1355839,2020-08-31
1196,National,2020,36,0.920817,0.919002,1759,3773.0,3609,1696.0,1479,12316,2921,1340149,2020-09-07
1197,National,2020,37,1.0355,0.978032,1999,3975.0,3822,1793.0,1446,13035,2915,1332779,2020-09-14
1198,National,2020,38,0.974333,0.955677,2070,4070.0,3628,1794.0,1487,13049,2943,1365420,2020-09-21
1199,National,2020,39,1.06462,1.03845,2286,4412.0,4366,1944.0,1578,14586,2941,1404590,2020-09-28
1200,National,2020,40,1.09211,1.08024,2454,5091.0,4715,2362.0,1844,16466,3246,1524289,2020-10-05
1201,National,2020,41,1.21201,1.19451,2558,6023.0,5239,3004.0,2320,19144,3318,1602667,2020-10-12
1202,National,2020,42,1.11151,1.09796,2313,5661.0,4613,2547.0,2101,17235,3301,1569727,2020-10-19
1203,National,2020,43,1.18662,1.15393,2454,5850.0,4834,2821.0,2174,18133,3330,1571417,2020-10-26
1204,National,2020,44,1.25262,1.18924,2512,6082.0,4916,2752.0,2292,18554,3421,1560158,2020-11-02
1205,National,2020,45,1.44427,1.33759,2726,7084.0,5825,3282.0,2453,21370,3425,1597645,2020-11-09
1206,National,2020,46,1.48969,1.37845,2776,7677.0,5544,3728.0,2873,22598,3391,1639379,2020-11-16
1207,National,2020,47,1.56064,1.43236,2692,7824.0,5342,3956.0,2895,22709,3334,1585429,2020-11-23
1208,National,2020,48,1.61944,1.49959,2484,7091.0,4584,3962.0,3192,21313,3333,1421255,2020-11-30
1209,National,2020,49,1.57347,1.44967,2597,7682.0,4861,3976.0,3135,22251,3339,1534905,2020-12-07
1210,National,2020,50,1.51939,1.42617,2504,7519.0,4692,4067.0,3321,22103,3358,1549810,2020-12-14
1211,National,2020,51,1.50599,1.39797,2482,7124.0,4282,3841.0,3145,20874,3299,1493163,2020-12-21
1212,National,2020,52,1.55485,1.45725,2323,6627.0,3564,3918.0,3404,19836,3301,1361197,2020-12-28
1213,National,2020,53,1.58903,1.53781,2583,7723.0,3933,4516.0,3668,22423,3280,1458113,2021-01-04
1214,National,2021,1,1.47519,1.4348,2414,7976.0,4549,4359.0,3413,22711,3316,1582870,2021-01-04
1215,National,2021,2,1.28752,1.2606,2297,6396.0,3975,3520.0,2830,19018,3278,1508647,2021-01-11
1216,National,2021,3,1.25172,1.21098,2566,5876.0,4056,3310.0,2542,18350,3315,1515305,2021-01-18
1217,National,2021,4,1.10177,1.12283,2558,5345.0,3953,2803.0,2237,16896,3324,1504764,2021-01-25
1218,National,2021,5,1.16565,1.08237,2636,4995.0,4015,2525.0,1927,16098,3295,1487296,2021-02-01
1219,National,2021,6,1.00609,0.975086,2552,4096.0,3730,2129.0,1572,14079,3246,1443873,2021-02-08
1220,National,2021,7,0.986101,0.907555,2318,3708.0,3144,1918.0,1503,12591,3256,1387354,2021-02-15
1221,National,2021,8,0.864388,0.860857,2543,3839.0,3541,1900.0,1521,13344,3276,1550083,2021-02-22
1222,National,2021,9,0.828056,0.842356,2771,3532.0,3540,1810.0,1347,13000,3278,1543291,2021-03-01
1223,National,2021,10,0.882103,0.902897,3218,3781.0,3806,1901.0,1371,14077,3284,1559093,2021-03-08
1224,National,2021,11,0.908033,0.939382,3514,3936.0,3856,1909.0,1359,14574,3227,1551445,2021-03-15
1225,National,2021,12,0.947577,0.96011,3817,4214.0,3915,2054.0,1354,15354,3201,1599192,2021-03-22
1226,National,2021,13,0.975225,0.998141,4116,4394.0,4089,2129.0,1265,15993,3257,1602279,2021-03-29
1227,National,2021,14,1.06101,1.07796,4731,5048.0,4685,2281.0,1355,18100,3277,1679101,2021-04-05
1228,National,2021,15,1.08091,1.1089,5227,5290.0,4907,2358.0,1383,19165,3282,1728295,2021-04-12
1229,National,2021,16,1.10326,1.1502,5763,4858.0,5093,2140.0,1451,19305,3248,1678407,2021-04-19
1230,National,2021,17,1.13361,1.1834,6326,4810.0,5503,2042.0,1418,20099,3256,1698411,2021-04-26
1231,National,2021,18,1.14992,1.20915,6822,4617.0,5401,1802.0,1288,19930,3227,1648268,2021-05-03
1232,National,2021,19,1.19092,1.25462,7365,4362.0,5491,1841.0,1308,20367,3214,1623366,2021-05-10
1233,National,2021,20,1.24677,1.26333,8352,4421.0,5414,1742.0,1333,21262,3193,1683010,2021-05-17
1234,National,2021,21,1.14504,1.19095,7953,3990.0,4967,1590.0,1175,19675,3141,1652047,2021-05-24
1235,National,2021,22,1.18454,1.25187,8502,3975.0,4854,1572.0,1240,20143,3140,1609033,2021-05-31
1236,National,2021,23,1.12943,1.14521,8096,3692.0,4645,1527.0,1222,19182,3110,1674977,2021-06-07
1237,National,2021,24,1.18866,1.18174,8503,3785.0,4594,1508.0,1189,19579,3068,1656791,2021-06-14
1238,National,2021,25,1.21202,1.21001,8514,3814.0,4609,1652.0,1301,19890,3057,1643793,2021-06-21
1239,National,2021,26,1.21342,1.21283,8369,4003.0,4757,1672.0,1291,20092,3055,1656615,2021-06-28
1240,National,2021,27,1.26676,1.32905,8719,4859.0,5309,1976.0,1508,22371,3055,1683237,2021-07-05
1241,National,2021,28,1.38728,1.44269,9193,6029.0,5930,2399.0,1710,25261,3067,1750965,2021-07-12
1242,National,2021,29,1.6475,1.70926,10371,7958.0,7170,2897.0,2149,30545,3067,1787028,2021-07-19
1243,National,2021,30,1.80199,1.91065,11132,9249.0,8572,3614.0,2628,35195,3050,1842048,2021-07-26
1244,National,2021,31,1.94952,2.05206,11102,10544.0,8900,4327.0,2883,37756,3050,1839909,2021-08-02
1245,National,2021,32,2.03548,2.15548,11264,11226.0,10105,4555.0,2917,40067,3042,1858843,2021-08-09
1246,National,2021,33,2.1918,2.30581,11801,11013.0,12275,4739.0,2893,42721,3029,1852756,2021-08-16
1247,National,2021,34,2.23897,2.30752,11982,10382.0,13529,4339.0,2826,43058,3028,1865986,2021-08-23
1248,National,2021,35,2.26643,2.25253,11745,9557.0,13053,3886.0,2623,40864,3027,1814136,2021-08-30
1249,National,2021,36,2.21298,2.21275,11705,9088.0,12250,3733.0,2645,39421,3021,1781535,2021-09-06
1250,National,2021,37,2.045,2.00464,11248,7774.0,11578,3289.0,2304,36193,3059,1805463,2021-09-13
1251,National,2021,38,1.90124,1.93759,10916,6853.0,11380,2765.0,2062,33976,3037,1753523,2021-09-20
1252,National,2021,39,1.8442,1.84367,10133,5627.0,10040,2315.0,1834,29949,2877,1624427,2021-09-27
1253,National,2021,40,2.04946,1.96951,13140,7466.0,13154,3201.0,2574,39535,3501,2007349,2021-10-04
1254,National,2021,41,1.95317,1.90695,13072,7120.0,11985,2975.0,2486,37638,3510,1973726,2021-10-11
1255,National,2021,42,1.92693,1.86187,12500,6458.0,11458,2943.0,2355,35714,3474,1918176,2021-10-18
1256,National,2021,43,1.97792,1.89376,12859,6677.0,11888,2853.0,2362,36639,3509,1934723,2021-10-25
1257,National,2021,44,2.14051,2.08777,13304,6968.0,14454,2930.0,2374,40030,3515,1917361,2021-11-01
1258,National,2021,45,2.26691,2.22941,14565,7836.0,15840,3192.0,2730,44163,3530,1980931,2021-11-08
1259,National,2021,46,2.41002,2.35687,14740,8523.0,17358,3639.0,2816,47076,3526,1997393,2021-11-15
1260,National,2021,47,2.51362,2.45867,14918,8183.0,13401,3719.0,3103,43324,3519,1762089,2021-11-22
1261,National,2021,48,2.56387,2.56351,15167,11304.0,17353,4893.0,4012,52729,3545,2056903,2021-11-29
1262,National,2021,49,2.74219,2.71846,14971,11373.0,19971,4863.0,3891,55069,3544,2025745,2021-12-06
1263,National,2021,50,3.1546,3.09823,16287,13615.0,23450,5232.0,3961,62545,3518,2018736,2021-12-13
1264,National,2021,51,4.007,4.07867,18515,22557.0,25073,7773.0,5307,79225,3496,1942424,2021-12-20
1265,National,2021,52,4.89397,5.06901,24109,38300.0,28952,13512.0,8989,113862,3455,2246237,2021-12-27
1266,National,2022,1,4.29914,4.28066,17044,31478.0,24738,12063.0,7939,93262,3487,2178681,2022-01-03
1267,National,2022,2,3.50099,3.41579,12223,21830.0,20214,8735.0,6181,69183,3499,2025389,2022-01-10
1268,National,2022,3,2.77457,2.67796,9492,15006.0,13268,6185.0,4547,48498,3503,1811003,2022-01-17
1269,National,2022,4,2.05464,1.97776,7309,9877.0,9526,4582.0,3516,34810,3485,1760073,2022-01-24
1270,National,2022,5,1.66744,1.56091,6082,6431.0,7748,3018.0,2552,25831,3415,1654872,2022-01-31
1271,National,2022,6,1.43558,1.34542,6395,5170.0,7610,2401.0,2155,23731,3474,1763832,2022-02-07
1272,National,2022,7,1.48076,1.37085,6917,4645.0,8500,2083.0,1801,23946,3474,1746795,2022-02-14
1273,National,2022,8,1.46137,1.37026,7057,4638.0,8330,1816.0,1768,23609,3472,1722955,2022-02-21
1274,National,2022,9,1.57063,1.42301,7423,5008.0,9830,1864.0,1676,25801,3470,1813130,2022-02-28
1275,National,2022,10,1.69692,1.54683,8210,5060.0,11085,1951.0,1771,28077,3485,1815133,2022-03-07
1276,National,2022,11,1.83274,1.67881,9042,5914.0,12124,2202.0,2077,31359,3454,1867926,2022-03-14
1277,National,2022,12,1.88031,1.73443,9302,5973.0,12648,2334.0,2166,32423,3449,1869370,2022-03-21
1278,National,2022,13,1.99637,1.85462,9613,6759.0,13660,2384.0,2406,34822,3443,1877580,2022-03-28
1279,National,2022,14,2.10974,1.99404,10562,7272.0,15187,2573.0,2550,38144,3453,1912899,2022-04-04
1280,National,2022,15,2.18573,2.12964,11336,7838.0,16095,2868.0,2829,40966,3446,1923613,2022-04-11
1281,National,2022,16,2.21825,2.1833,11734,8315.0,15748,3172.0,3117,42086,3457,1927635,2022-04-18
1282,National,2022,17,2.31926,2.21509,12070,8422.0,16372,3274.0,3282,43420,3426,1960190,2022-04-25
1283,National,2022,18,2.38743,2.4143,12835,9402.0,18631,3608.0,3323,47799,3394,1979830,2022-05-02
1284,National,2022,19,2.5726,2.60892,14243,10135.0,19989,3843.0,3815,52025,3376,1994121,2022-05-09
1285,National,2022,20,2.46368,2.60434,15055,10460.0,20746,3985.0,3835,54081,3414,2076569,2022-05-16
1286,National,2022,21,2.39323,2.66831,14561,10167.0,19982,4010.0,3665,52385,3351,1963229,2022-05-23
1287,National,2022,22,2.42307,2.64646,15809,10584.0,17507,4060.0,3903,51863,3345,1959711,2022-05-30
1288,National,2022,23,2.15926,2.29329,14154,9654.0,13726,3941.0,3765,45240,3342,1972714,2022-06-06
1289,National,2022,24,1.98659,2.0741,12858,8941.0,11205,3665.0,3581,40250,3302,1940597,2022-06-13
1290,National,2022,25,1.87626,1.91807,11865,8676.0,9933,3736.0,3620,37830,3355,1972297,2022-06-20
1291,National,2022,26,1.80173,1.80208,11066,8004.0,8513,3523.0,3460,34566,3237,1918113,2022-06-27
1292,National,2022,27,1.81325,1.79307,10580,8380.0,8593,3697.0,3733,34983,3345,1951013,2022-07-04
1293,National,2022,28,1.67273,1.66869,9525,8324.0,8111,3546.0,3505,33011,3313,1978256,2022-07-11
1294,National,2022,29,1.65436,1.64913,9361,8219.0,8116,3483.0,3432,32611,3313,1977461,2022-07-18
1295,National,2022,30,1.66503,1.64799,9153,8056.0,7859,3485.0,3487,32040,3289,1944189,2022-07-25
1296,National,2022,31,1.52846,1.5292,8659,7295.0,7476,3104.0,3107,29641,3305,1938338,2022-08-01
1297,National,2022,32,1.51766,1.51741,8329,6816.0,7813,2804.0,2880,28642,3198,1887562,2022-08-08
1298,National,2022,33,1.59458,1.61916,9479,6659.0,9934,2819.0,2681,31572,3293,1949894,2022-08-15
1299,National,2022,34,1.82581,1.81145,10792,7079.0,12593,2730.0,2593,35787,3280,1975601,2022-08-22
1300,National,2022,35,1.9377,1.89564,11524,6980.0,13887,2670.0,2452,37513,3260,1978914,2022-08-29
1301,National,2022,36,2.00147,1.94934,12548,6978.0,13475,2701.0,2632,38334,3290,1966513,2022-09-05
1302,National,2022,37,2.03389,1.97433,13405,6751.0,14610,2618.0,2454,39838,3322,2017799,2022-09-12
1303,National,2022,38,2.27821,2.19998,15939,6924.0,16713,2658.0,2492,44726,3334,2033022,2022-09-19
1304,National,2022,39,2.35649,2.29832,17080,6945.0,16825,2795.0,2676,46321,3353,2015431,2022-09-26
1305,National,2022,40,2.61257,2.59379,18503,10718.0,20141,4094.0,3862,57318,3684,2209814,2022-10-03
1306,National,2022,41,3.00763,2.85133,20623,11519.0,22779,4394.0,4073,63388,3720,2223106,2022-10-10
1307,National,2022,42,3.31975,3.31688,23713,13719.0,28368,5303.0,4512,75615,3726,2279700,2022-10-17
1308,National,2022,43,4.3682,4.4466,32012,19586.0,45003,7037.0,5858,109496,3788,2462467,2022-10-24
1309,National,2022,44,5.42144,5.54702,37474,25460.0,61015,8469.0,6829,139247,3776,2510305,2022-10-31
1310,National,2022,45,5.73522,5.67263,38651,26941.0,57053,9791.0,7619,140055,3793,2468962,2022-11-07
1311,National,2022,46,5.91793,5.73531,34849,28672.0,55229,10171.0,8498,137419,3777,2396019,2022-11-14
1312,National,2022,47,7.42531,7.37142,39539,36157.0,62925,13876.0,12439,164936,3765,2237505,2022-11-21
1313,National,2022,48,7.21822,7.24012,38495,48042.0,63623,18626.0,16887,185673,3767,2564503,2022-11-28
1314,National,2022,49,6.87034,6.82928,32316,40778.0,62563,16557.0,15034,167248,3750,2448985,2022-12-05
1315,National,2022,50,6.29772,6.46231,28976,38007.0,55613,15506.0,13570,151672,3751,2347026,2022-12-12
1316,National,2022,51,6.00293,6.1412,25500,34587.0,41624,14564.0,13703,129978,3715,2116491,2022-12-19
1317,National,2022,52,5.33838,5.46656,22891,31974.0,27251,14961.0,15454,112531,3703,2058533,2022-12-26
1318,National,2023,1,3.93482,4.07732,16651,27662.0,21006,13549.0,13166,92034,3740,2257219,2023-01-02
1319,National,2023,2,2.94564,3.05773,12231,19912.0,18061,9135.0,8381,67720,3737,2214718,2023-01-09
1320,National,2023,3,2.63811,2.70671,11720,15844.0,16915,7000.0,6291,57770,3730,2134322,2023-01-16
1321,National,2023,4,2.62522,2.67225,12170,15618.0,18680,6410.0,5353,58231,3716,2179097,2023-01-23
1322,National,2023,5,2.58477,2.68591,12686,15506.0,19751,6113.0,5270,59326,3734,2208786,2023-01-30
1323,National,2023,6,2.59148,2.70465,13271,15921.0,20964,6469.0,5633,62258,3735,2301891,2023-02-06
1324,National,2023,7,2.5701,2.6371,13127,15055.0,19818,6263.0,5402,59665,3695,2262519,2023-02-13
1325,National,2023,8,2.52707,2.58651,13478,13880.0,18410,6054.0,5401,57223,3719,2212367,2023-02-20
1326,National,2023,9,2.4046,2.44348,12693,13849.0,18281,5769.0,5090,55682,3725,2278801,2023-02-27
1327,National,2023,10,2.3571,2.40445,12840,13379.0,18388,5365.0,4714,54686,3722,2274369,2023-03-06
1328,National,2023,11,2.3545,2.43524,13086,13264.0,17814,5298.0,4801,54263,3713,2228243,2023-03-13
1329,National,2023,12,2.31096,2.41343,13043,13685.0,18685,5286.0,4695,55394,3665,2295244,2023-03-20
1330,National,2023,13,2.25771,2.34891,12413,13208.0,18078,5005.0,4638,53342,3688,2270922,2023-03-27
1331,National,2023,14,2.12953,2.20628,11586,11976.0,15673,4783.0,4337,48355,3680,2191695,2023-04-03
1332,National,2023,15,2.01047,2.0726,11151,11853.0,14832,4552.0,4337,46725,3665,2254413,2023-04-10
1333,National,2023,16,1.90776,1.95437,9912,11388.0,14788,4361.0,4058,44507,3680,2277306,2023-04-17
1334,National,2023,17,1.90393,1.97315,10041,11176.0,15803,4133.0,3649,44802,3677,2270577,2023-04-24
1335,National,2023,18,1.93608,2.0174,10013,11224.0,16115,4283.0,3947,45582,3652,2259439,2023-05-01
1336,National,2023,19,1.90846,1.99349,10187,11067.0,16725,4072.0,3718,45769,3654,2295923,2023-05-08
1337,National,2023,20,1.88236,1.96616,9740,10697.0,15517,3875.0,3458,43287,3653,2201602,2023-05-15
1338,National,2023,21,1.83328,1.91398,9389,10386.0,14611,3640.0,3490,41516,3518,2169098,2023-05-22
1339,National,2023,22,1.83857,1.93826,9568,10413.0,14220,3845.0,3543,41589,3601,2145684,2023-05-29
1340,National,2023,23,1.57748,1.69283,8309,9954.0,11628,3622.0,3426,36939,3583,2182091,2023-06-05
1341,National,2023,24,1.48614,1.57462,7741,9289.0,10223,3447.0,3180,33880,3589,2151633,2023-06-12
1342,National,2023,25,1.36472,1.44401,6998,8727.0,8941,3236.0,2987,30889,3582,2139112,2023-06-19
1343,National,2023,26,1.27095,1.32385,6388,8130.0,8012,3046.0,2910,28486,3539,2151758,2023-06-26
1344,National,2023,27,1.22553,1.29091,5944,7472.0,7475,2940.0,2817,26648,3569,2064286,2023-07-03
1345,National,2023,28,1.15793,1.20177,5608,7567.0,7043,2925.0,2760,25903,3542,2155400,2023-07-10
1346,National,2023,29,1.12685,1.19268,5718,7476.0,6836,2931.0,2841,25802,3560,2163359,2023-07-17
1347,National,2023,30,1.16805,1.23085,5812,7475.0,7046,3137.0,2947,26417,3551,2146245,2023-07-24
1348,National,2023,31,1.20299,1.26099,5678,7979.0,6966,3273.0,3000,26896,3542,2132922,2023-07-31
1349,National,2023,32,1.27357,1.35931,5982,8642.0,7764,3560.0,3365,29313,3521,2156467,2023-08-07
1350,National,2023,33,1.44821,1.53965,6688,9791.0,9759,3784.0,3641,33663,3533,2186399,2023-08-14
1351,National,2023,34,1.70391,1.8262,8234,11256.0,13151,4300.0,4038,40979,3524,2243946,2023-08-21
1352,National,2023,35,1.93305,1.97735,8980,11792.0,14664,4630.0,4345,44411,3537,2245988,2023-08-28
1353,National,2023,36,2.00204,2.0246,9546,11819.0,14159,4621.0,4589,44734,3538,2209523,2023-09-04
1354,National,2023,37,1.94047,1.99147,9485,11798.0,14904,4699.0,4401,45287,3558,2274050,2023-09-11
1355,National,2023,38,2.03761,2.13438,10912,11970.0,16162,4711.0,4510,48265,3558,2261308,2023-09-18
1356,National,2023,39,2.08992,2.17945,11376,12299.0,16110,4934.0,4550,49269,3552,2260617,2023-09-25
1357,National,2023,40,2.27793,2.25998,13519,13442.0,19002,5294.0,5055,56312,4131,2491698,2023-10-02
1358,National,2023,41,2.33671,2.31342,14421,13972.0,18598,5435.0,5098,57524,4152,2486536,2023-10-09
1359,National,2023,42,2.52187,2.51544,15720,14465.0,20305,5816.0,6196,62502,4137,2484738,2023-10-16
1360,National,2023,43,2.7123,2.68556,16987,15481.0,22514,6082.0,6712,67776,4163,2523716,2023-10-23
1361,National,2023,44,2.94534,2.91432,17798,16589.0,24808,6341.0,6696,72232,4157,2478520,2023-10-30
1362,National,2023,45,3.40907,3.32776,21464,19331.0,29464,7439.0,7761,85459,4153,2568065,2023-11-06
1363,National,2023,46,3.68972,3.5743,22031,21568.0,30863,8086.0,8425,90973,4156,2545200,2023-11-13
1364,National,2023,47,3.92848,3.7901,22396,20392.0,25940,8378.0,8418,85524,4169,2256510,2023-11-20
1365,National,2023,48,4.03342,3.96247,22647,28355.0,30362,11139.0,11208,103711,4142,2617331,2023-11-27
1366,National,2023,49,4.38274,4.35808,23372,29042.0,38214,12204.0,11372,114204,4106,2620511,2023-12-04
1367,National,2023,50,5.1835,5.21044,26102,35037.0,48365,14003.0,12573,136080,4122,2611680,2023-12-11
1368,National,2023,51,6.22917,6.31311,29797,45280.0,53512,18118.0,16629,163336,4093,2587250,2023-12-18
1369,National,2023,52,6.7957,6.90766,31511,50073.0,41815,21707.0,21720,166826,4084,2415088,2023-12-25
1370,National,2024,1,5.71368,5.7628,24694,47041.0,32334,20537.0,19384,143990,4112,2498612,2024-01-01
1371,National,2024,2,4.65928,4.75417,18158,37112.0,31411,16413.0,15396,118490,4110,2492338,2024-01-08
1372,National,2024,3,4.3245,4.35187,16166,30584.0,29175,12647.0,11566,100138,4121,2301033,2024-01-15
1373,National,2024,4,4.22931,4.22442,16239,31806.0,34400,12500.0,10657,105602,4145,2499800,2024-01-22
1374,National,2024,5,4.41989,4.27929,17275,30432.0,38582,11604.0,10061,107954,4127,2522709,2024-01-29
1375,National,2024,6,4.45634,4.40086,17972,31622.0,41799,11550.0,10051,112994,4130,2567545,2024-02-05
1376,National,2024,7,4.35464,4.33656,17415,30781.0,39011,11242.0,9970,108419,4119,2500114,2024-02-12
1377,National,2024,8,4.33678,4.32509,17663,31284.0,37153,11328.0,10184,107612,4111,2488087,2024-02-19
1378,National,2024,9,4.05611,4.08117,17345,30563.0,36016,11054.0,9918,104896,4110,2570243,2024-02-26
1379,National,2024,10,3.71978,3.73652,16514,26681.0,33112,9716.0,8825,94848,4114,2538404,2024-03-04
1380,National,2024,11,3.39628,3.40044,15886,23711.0,29174,8472.0,7746,84989,4053,2499356,2024-03-11
1381,National,2024,12,3.0858,3.15503,15113,22028.0,26599,7832.0,7129,78701,4107,2494462,2024-03-18
1382,National,2024,13,2.9714,3.03369,14446,21244.0,23603,7506.0,7111,73910,4101,2436307,2024-03-25
1383,National,2024,14,2.76565,2.83173,13934,20152.0,20522,7159.0,6787,68554,4076,2420926,2024-04-01
1384,National,2024,15,2.53804,2.59227,13273,18246.0,19776,6845.0,6383,64523,4091,2489051,2024-04-08
1385,National,2024,16,2.24764,2.29494,11860,15643.0,18351,5945.0,5776,57575,4077,2508780,2024-04-15
1386,National,2024,17,2.19003,2.24404,11399,14896.0,18208,5643.0,5293,55439,4050,2470504,2024-04-22
1387,National,2024,18,2.0989,2.1458,11137,14267.0,17619,5365.0,5141,53529,4003,2494591,2024-04-29
1388,National,2024,19,2.00353,2.04091,10369,13415.0,16483,5177.0,5020,50464,4050,2472624,2024-05-06
1389,National,2024,20,1.97624,2.03567,10406,13165.0,15798,5051.0,4991,49411,4007,2427265,2024-05-13
1390,National,2024,21,1.90643,1.95779,9850,12855.0,14635,5285.0,4962,47587,3968,2430650,2024-05-20
1391,National,2024,22,1.87634,1.92153,9668,11933.0,13387,4835.0,4948,44771,3956,2329971,2024-05-27
1392,National,2024,23,1.66026,1.72595,8276,11775.0,11489,4808.0,4907,41255,3928,2390280,2024-06-03
1393,National,2024,24,1.58147,1.60554,7428,10852.0,10240,4591.0,4638,37749,3923,2351169,2024-06-10
1394,National,2024,25,1.49219,1.54241,6737,10989.0,9063,4334.0,4687,35810,3920,2321695,2024-06-17
1395,National,2024,26,1.46571,1.49584,6273,10637.0,9106,4531.0,4689,35236,3868,2355607,2024-06-24
1396,National,2024,27,1.37621,1.44688,5818,9484.0,8092,4037.0,4701,32132,3900,2220776,2024-07-01
1397,National,2024,28,1.45491,1.44758,6105,10810.0,8834,4636.0,4632,35017,3887,2419002,2024-07-08
1398,National,2024,29,1.45267,1.43219,5727,10279.0,8337,4495.0,4666,33504,3872,2339356,2024-07-15
1399,National,2024,30,1.52184,1.50415,6025,10741.0,8690,4555.0,4817,34828,3914,2315454,2024-07-22
1400,National,2024,31,1.53512,1.4947,6014,10830.0,8946,4451.0,4779,35020,3920,2342939,2024-07-29
1401,National,2024,32,1.53963,1.50488,6283,10778.0,9110,4309.0,4610,35090,3910,2331748,2024-08-05
1402,National,2024,33,1.56538,1.5652,6612,10932.0,10516,4427.0,4572,37059,3922,2367690,2024-08-12
1403,National,2024,34,1.76722,1.75921,7615,11680.0,13442,4543.0,4571,41851,3926,2378965,2024-08-19
1404,National,2024,35,1.93367,1.88884,8439,12223.0,15731,4556.0,4733,45682,3924,2418520,2024-08-26
1405,National,2024,36,1.91961,1.90742,8653,12074.0,14746,4689.0,4578,44740,3934,2345582,2024-09-02
1406,National,2024,37,1.95498,1.90629,8863,12549.0,15823,4677.0,4742,46654,3880,2447376,2024-09-09
1407,National,2024,38,1.95298,1.94745,9500,12326.0,17207,4740.0,4768,48541,3944,2492541,2024-09-16
1408,National,2024,39,1.93469,1.93695,9474,12162.0,16120,4632.0,4484,46872,3920,2419887,2024-09-23
1409,National,2024,40,1.95991,1.86963,10204,12588.0,17928,4705.0,4763,50188,4229,2684375,2024-09-30
1410,National,2024,41,2.07596,1.9677,10784,12977.0,18789,4892.0,4712,52154,4243,2650505,2024-10-07
1411,National,2024,42,2.10974,2.02963,11017,13528.0,19536,4950.0,4814,53845,4238,2652945,2024-10-14
1412,National,2024,43,2.26669,2.17598,12591,14520.0,22937,5144.0,5041,60233,4240,2768082,2024-10-21
1413,National,2024,44,2.36872,2.25438,13408,15287.0,22360,5370.0,5076,61501,4179,2728063,2024-10-28
1414,National,2024,45,2.53598,2.41072,15127,16365.0,23810,5828.0,5441,66571,4226,2761458,2024-11-04
1415,National,2024,46,2.74353,2.59731,16323,16864.0,24793,6195.0,5612,69787,4241,2686893,2024-11-11
1416,National,2024,47,2.95427,2.81427,18076,18236.0,27495,6737.0,5917,76461,4205,2716908,2024-11-18
1417,National,2024,48,3.21891,3.14286,19887,17488.0,23815,6589.0,6438,74217,4223,2361446,2024-11-25
1418,National,2024,49,3.37099,3.26423,19974,22865.0,27172,8875.0,8913,87799,4220,2689734,2024-12-02
1419,National,2024,50,3.8155,3.70054,22158,25133.0,33870,9953.0,9874,100988,4226,2729008,2024-12-09
1420,National,2024,51,4.95277,4.81918,28815,33723.0,45506,12695.0,12223,132962,4187,2759016,2024-12-16
1421,National,2024,52,6.77809,6.68401,37488,44813.0,48170,18449.0,18622,167542,4185,2506608,2024-12-23
1422,National,2025,1,6.34615,6.19013,33415,48713.0,37551,21902.0,23093,164674,4214,2660269,2025-01-06
1423,National,2025,2,5.36728,5.31683,23555,42910.0,36084,19315.0,17885,139749,4209,2628428,2025-01-13
1424,National,2025,3,5.77396,5.70895,25948,44092.0,50217,19119.0,17237,156613,4219,2743290,2025-01-20
1425,National,2025,4,6.98985,6.86353,30108,50934.0,59081,21079.0,17996,179198,4222,2610874,2025-01-27
1426,National,2025,5,7.76202,7.43022,32780,59732.0,72116,26137.0,23178,213943,4218,2879362,2025-02-03
1427,National,2025,6,7.83178,7.70785,34981,59594.0,75846,26601.0,24914,221936,4213,2879351,2025-02-10
1428,National,2025,7,6.93725,7.06966,29365,52515.0,61924,24226.0,23904,191934,4211,2714896,2025-02-17
1429,National,2025,8,5.96079,6.03236,24647,44715.0,46218,20343.0,20421,156344,4205,2591757,2025-02-24
1430,National,2025,9,4.91824,4.8494,20522,37575.0,38848,17538.0,18254,132737,4199,2737185,2025-03-03
1431,National,2025,10,4.29769,4.27101,18259,31412.0,35277,14112.0,14491,113551,4186,2658647,2025-03-10
1432,National,2025,11,3.87896,3.88314,17040,28405.0,32820,12430.0,12591,103286,4162,2659859,2025-03-17
1433,National,2025,12,3.30337,3.31917,15045,24078.0,27886,10004.0,10347,87360,4147,2631985,2025-03-24
1434,National,2025,13,2.94654,2.96822,13708,21397.0,25109,8333.0,8405,76952,4147,2592534,2025-03-31
1435,National,2025,14,2.5121,2.48986,11347,15782.0,19675,5891.0,5848,58543,4002,2351254,2025-04-07
